TITLE,DESCRIPTION,PRICE,CURRENCY_CODE,QUANTITY,TAGS,MATERIALS,IMAGE1,IMAGE2,IMAGE3,IMAGE4,IMAGE5,IMAGE6,IMAGE7,IMAGE8,IMAGE9,IMAGE10,"VARIATION 1 TYPE","VARIATION 1 NAME","VARIATION 1 VALUES","VARIATION 2 TYPE","VARIATION 2 NAME","VARIATION 2 VALUES",SKU
"Set of 2 Coastal Ceramic Table Lamps with Beige Linen Shade (22 Inch)","Description
Designed by the seller and carefully handcrafted by our skilled team, this ceramic table lamp set of two brings a balanced blend of coastal style and modern simplicity to your home. The thoughtfully crafted ceramic base features a textured and smooth finish that creates a natural decorative look while maintaining a clean and refined appearance. Paired with a soft beige linen shade, the lamp gently diffuses warm light to create a comfortable atmosphere suitable for bedrooms, living rooms, or reading corners.

Each lamp includes both a main light and a night light, allowing flexible lighting options for different moments of the day. The rotary knob switch provides easy and independent control of both lighting sources, making it convenient to adjust the lighting depending on whether you need brighter light for reading or a softer glow for relaxation.

The linen lampshade helps soften the brightness and distribute light evenly, creating a calm and welcoming ambiance. The replaceable bulb design allows the lamp to remain functional over time while maintaining its visual appeal. With its neutral beige tone and round silhouette, this lamp set complements coastal, farmhouse, modern, and minimalist interiors.

Designed for everyday convenience, the lamps are simple to assemble and include both a 9W LED main bulb and a 4W night light bulb, so they are ready to use after setup. Their balanced proportions make them ideal for bedside tables, end tables, desks, or decorative surfaces throughout the home.

Specifications

Height: 22 inches
Diameter: 12.6 inches
Base Material: Ceramic
Shade Material: Linen
Shade Color: Beige
Finish: Textured and smooth ceramic finish
Bulb Base: E26
Light Source: LED bulbs included
Main Bulb Power: 9W
Night Light Bulb Power: 4W
Lighting Output: Up to 800 lumens
Switch Type: Rotary knob
Power Source: Corded electric
Voltage: 110V
Number of Lamps: Set of 2
Recommended Use: Bedroom, living room, reading, home decor
Installation: Tabletop placement
Indoor Use Only

Care & Maintenance

Clean the ceramic base gently with a soft dry cloth to remove dust. The linen shade can be lightly dusted using a soft brush or cloth. Avoid using harsh cleaning products or excessive moisture to preserve the finish and fabric quality.

Shipping & Processing

Processing time: 2–3 business days
Delivery time: 3–4 business days depending on location

Each order is carefully packed to help ensure safe delivery.

Color Note

Colors may slightly vary due to lighting conditions and different screen displays.

Safety Note

This lamp includes electrical wiring and should be used according to standard indoor electrical safety practices. Ensure bulbs are properly installed and keep away from moisture or outdoor environments.

Returns & Support

We offer a 30-day return policy for peace of mind.
Our support team is available 24/7 to assist with any questions regarding your order.

Materials

Ceramic
Linen
Metal lamp components
Electrical cord
LED bulbs",149.99,USD,3,"modern_bedside_lamp,living_room_lamp,night_table_lamp,farmhouse_table_lamp,ceramic_lamp_set,bedroom_bedside_lamp,linen_shade_lamp,beige_table_lamp,coastal_table_lamp,bedside_lamp_set,ceramic_table_lamp,warm_ambient_lamp,ceramic_bedside_lamp","LED bulbs,Electrical cord,Ceramic Linen Metal lamp components,Linen,Ceramic",https://i.etsystatic.com/64439944/r/il/b97366/7798301204/il_fullxfull.7798301204_hek0.jpg,https://i.etsystatic.com/64439944/r/il/94d75c/7798301202/il_fullxfull.7798301202_pest.jpg,https://i.etsystatic.com/64439944/r/il/8fe83c/7798301206/il_fullxfull.7798301206_o1a0.jpg,https://i.etsystatic.com/64439944/r/il/753101/7798301198/il_fullxfull.7798301198_8os7.jpg,https://i.etsystatic.com/64439944/r/il/70d3ad/7846238921/il_fullxfull.7846238921_io22.jpg,https://i.etsystatic.com/64439944/r/il/3f9791/7846238919/il_fullxfull.7846238919_fu42.jpg,https://i.etsystatic.com/64439944/r/il/4ab4a1/7846238967/il_fullxfull.7846238967_hv5w.jpg,,,,,,,,,,TV-PD59
"Set of 2 Wood Table Lamps with Beige Linen Shade, 3 Color Temperature Nightstand Lamps","Description:
Designed by the seller and carefully handcrafted by our skilled team, this compact wooden bedside lamp set brings natural warmth and minimalist style to modern interiors. With a solid wood base and a soft beige linen shade, these lamps offer practical lighting while complementing Scandinavian, minimalist, and contemporary home décor.

The lamps feature a sturdy base crafted from natural rubber wood with a smooth matte finish that highlights the natural texture of the material. The warm wood tone paired with a neutral linen shade creates a balanced and calming appearance, making the lamps suitable for bedrooms, living rooms, offices, and study areas.

Each lamp includes an LED bulb with three selectable color temperatures to suit different lighting needs. The warm white setting provides a relaxing glow for evenings, the natural white setting supports everyday activities such as reading or working, and the cool white option delivers brighter illumination for focused tasks. A built-in memory function remembers the last selected lighting mode, allowing the lamp to return to your preferred setting when turned on again.

The beige linen shade gently filters light, helping create a comfortable and evenly diffused illumination across the room. This design softens the brightness while adding a natural decorative element that blends easily with various interior styles.

With a compact height of 12 inches and a base diameter of approximately 4.7 inches, these lamps are designed for small surfaces such as nightstands, desks, shelves, or bedside tables. The space-saving design makes them ideal for dorm rooms, apartments, and smaller living areas where efficient lighting is needed without occupying too much space.

The lamps are simple to assemble and can be set up in just a few minutes without the need for tools. The included LED bulbs allow the lamps to be used immediately after installation.

Specifications

Product Type: Table Lamp
Quantity: Set of 2 lamps
Overall Height: 12 inches
Product Dimensions: 6.5 D x 6.5 W x 12 H inches
Base Diameter: Approximately 4.7 inches
Base Material: Natural rubber wood
Shade Material: Linen fabric
Shade Color: Beige
Finish: Matte wood finish
Bulb Base: E26
Light Source: LED bulbs included
Wattage: 5W
Color Temperature Modes: 3000K warm white, 4000K natural white, 6500K cool white
Lighting Memory Function: Yes
Switch Type: Push button
Power Source: Corded electric
Mounting Type: Tabletop
Indoor Use: Yes
Recommended Spaces: Bedroom, living room, office, dorm, study room

Care & Maintenance

Wipe the wooden base with a soft dry cloth to maintain its natural appearance. The linen shade can be gently dusted with a clean cloth or brush to remove surface particles. Avoid moisture or direct water contact.

Shipping & Processing

Processing time is typically 2–3 business days.
Delivery usually takes 3–4 business days depending on the destination location.

Color Note

Actual product colors may slightly vary due to lighting conditions during photography and differences in screen display settings.

Handcrafted Wood Note

Because the base is made from natural wood, slight variations in grain pattern and tone may occur, making each lamp subtly unique.

Safety Note

This lamp contains electrical components and should be used according to standard indoor lighting safety practices.

Returns & Support

We offer a 30-day return policy for this item. If you need assistance with your order or have questions, our support team is available 24/7 to help.

Materials

Rubber Wood
Linen Fabric
LED Bulb
Metal Lamp Components
Electrical Cord",134.99,USD,3,"office_desk_lamp,room_table_lamp,wood_lamp_dorm,lamp_set_natural,minimal_table_lamp,wood_nightstand_lamp,linen_shade_lamp,small_desk_lamp,bedside_lamp_set,table_lamp,wood_table_lamp_set,wood_bedside_lamp,modern_wood_lamp","Electrical Cord,Metal Lamp Components,LED Bulb,Linen Fabric,Wood,Rubber",https://i.etsystatic.com/64439944/r/il/189223/7798250436/il_fullxfull.7798250436_rbfe.jpg,https://i.etsystatic.com/64439944/r/il/00cfa4/7846187787/il_fullxfull.7846187787_jnwf.jpg,https://i.etsystatic.com/64439944/r/il/6480a0/7798250426/il_fullxfull.7798250426_3j42.jpg,https://i.etsystatic.com/64439944/r/il/7ed76d/7846187791/il_fullxfull.7846187791_haep.jpg,https://i.etsystatic.com/64439944/r/il/4c5a48/7798250432/il_fullxfull.7798250432_ilri.jpg,https://i.etsystatic.com/64439944/r/il/4001d7/7798250434/il_fullxfull.7798250434_3h2k.jpg,,,,,,,,,,,TV-PD58
"Set of 2 White Ceramic Candlestick Table Lamps with Linen Shades – 20 Inch Bedside","Description:
Designed by the seller and carefully handcrafted by our skilled team, this elegant ceramic table lamp set brings a refined minimalist look to modern interiors. Featuring a slim candlestick-style ceramic base and a soft linen lampshade, these lamps provide both decorative appeal and practical lighting for bedrooms, living rooms, offices, and small spaces.

The cream white ceramic base showcases a clean candlestick silhouette accented with subtle speckled detailing, adding texture and character while maintaining a minimalist aesthetic. This timeless design blends easily with a variety of décor styles including modern, farmhouse, and mid-century inspired interiors. Whether placed on nightstands, end tables, or sofa tables, the lamps create a balanced and stylish lighting arrangement.

Each lamp is topped with a linen fabric shade designed to diffuse light gently throughout the room. The neutral oatmeal-toned shade softens brightness and helps create a calm and comfortable atmosphere, making the lamp suitable for evening relaxation or bedside reading.

With a height of 20 inches and a 10-inch diameter shade, these lamps provide a noticeable decorative presence while still fitting comfortably in smaller spaces. The slim ceramic base allows the lamps to sit neatly on compact surfaces such as nightstands, console tables, desks, or bookshelves without overwhelming the space.

The lamps use a standard E26 bulb base, making them compatible with a variety of bulb types. The convenient rotary switch provides simple control for everyday use, while the corded design allows stable indoor operation.

Specifications

Product Type: Table Lamp
Quantity: Set of 2 lamps
Overall Height: 20 inches
Product Dimensions: 10 D x 10 W x 20 H inches
Item Weight: 2.73 pounds each
Base Material: Ceramic
Shade Material: Linen fabric
Base Color: Cream white with subtle speckles
Shade Color: Beige / oatmeal tone
Finish: Ceramic
Bulb Base: E26 standard base
Light Source: Bulb not included
Switch Type: Rotary switch
Lighting Method: LED or compatible bulbs
Power Source: Corded electric
Mounting Type: Tabletop
Indoor Use: Yes
Recommended Spaces: Bedroom, living room, office, nightstand, sofa table, bookshelf

Care & Maintenance

Clean the ceramic base with a soft dry cloth to maintain its finish. The linen lampshade can be lightly dusted with a soft brush or cloth. Avoid exposure to moisture or direct water contact.

Shipping & Processing

Processing time is typically 2–3 business days.
Delivery usually takes 3–4 business days depending on the destination location.

Color Note

Actual product colors may slightly vary due to lighting conditions during photography and differences in screen display settings.

Handcrafted Ceramic Note

Due to the ceramic finishing process, small variations in texture or speckling may occur, adding natural character to each lamp.

Safety Note

This lamp contains electrical components and should be used according to standard indoor lighting safety practices. Use compatible bulbs within the recommended wattage limits.

Returns & Support

We offer a 30-day return policy for this item. If you have any questions about your order or need assistance, our support team is available 24/7 to help.

Materials

Ceramic
Linen Fabric
Metal Lamp Components
Electrical Cord",109.99,USD,3,"farmhouse_table_lamp,table_lamp,ceramic_table_lamp,modern_bedside_lamp,room_table_lamp,linen_shade_lamp,bedroom_lamp_set,ceramic_night_lamp,minimal_table_lamp,white_bedside_lamp,decorative_lamp,home_decor_lamp,sofa_table_lamp","Electrical Cord,Metal Lamp Components,Linen Fabric,Ceramic",https://i.etsystatic.com/64439944/r/il/82d1c7/7798213896/il_fullxfull.7798213896_mo4i.jpg,https://i.etsystatic.com/64439944/r/il/841ee3/7798213894/il_fullxfull.7798213894_sjer.jpg,https://i.etsystatic.com/64439944/r/il/2c7019/7846151117/il_fullxfull.7846151117_9frm.jpg,https://i.etsystatic.com/64439944/r/il/8bbcd2/7846151119/il_fullxfull.7846151119_5j0s.jpg,https://i.etsystatic.com/64439944/r/il/a9190e/7798213866/il_fullxfull.7798213866_lfw5.jpg,https://i.etsystatic.com/64439944/r/il/20abbc/7846151121/il_fullxfull.7846151121_hnq9.jpg,https://i.etsystatic.com/64439944/r/il/f2cb26/7798213890/il_fullxfull.7798213890_3esu.jpg,,,,,,,,,,TV-PD57
"Foldable LED Desk Lamp: Rechargeable, Portable, 9 Brightness Levels (White)","Description:
Designed by the seller and carefully handcrafted by our skilled team, this compact cordless LED desk lamp offers practical lighting in a portable and space-saving design. Created for small workspaces and flexible use, the foldable structure and rechargeable battery make this lamp a convenient lighting option for reading, study sessions, crafts, and everyday desk tasks.

This small desk lamp features a built-in rechargeable battery with a 3600mAh capacity, allowing the lamp to be used wirelessly without the need for a constant power connection. Once fully charged, the lamp can operate for extended periods depending on the brightness level selected. Its cordless design makes it easy to move between rooms, desks, bedside tables, dorm spaces, or craft stations.

The lamp includes adjustable brightness with nine different levels, allowing you to set the light according to your environment and activity. Whether used for reading, studying, or focused work, the lighting can be easily controlled through the push button switch. The lamp also remembers the previously used brightness level, providing a convenient lighting experience each time it is turned on.

A foldable structure allows the lamp to collapse into a compact round shape, making it easy to store or carry in a bag when traveling or moving between workspaces. When unfolded, the lamp provides stable tabletop lighting while maintaining a minimal footprint on desks or bedside tables. Its lightweight construction and portable size make it suitable for dorm rooms, offices, reading corners, classrooms, and small work areas.

The integrated LED light source provides consistent illumination designed for everyday tasks while maintaining a simple and modern appearance that blends easily with different interior spaces.

Specifications

Product Type: Cordless LED Desk Lamp
Product Dimensions: 6.3 D x 2.76 W x 6.3 H inches
Item Weight: 0.82 pounds
Base Material: Plastic
Material Type: Polypropylene and plastic components
Finish: Polished
Color: White
Lamp Type: Desk lamp
Light Source: Integrated LED
Number of LED Lights: 8
Brightness Levels: 9 adjustable levels
Switch Type: Push button
Battery Type: Rechargeable lithium-ion battery
Battery Capacity: 3600mAh
Maximum Battery Life: Up to 76 hours depending on brightness level
Power Source: Battery powered and USB rechargeable
Mounting Type: Tabletop
Indoor Use: Yes
Design Features: Foldable, portable, cordless mini lamp

Care & Maintenance

Wipe the surface with a soft dry cloth to remove dust. Avoid exposure to moisture or liquids. Recharge the lamp using the provided power cable as needed to maintain battery performance.

Shipping & Processing

Processing time is typically 2–3 business days.
Delivery usually takes 3–4 business days depending on the destination location.

Color Note

Actual product colors may slightly vary due to lighting conditions during photography and differences in screen display settings.

Safety Note

This lamp contains electrical components and a rechargeable battery. Use the lamp indoors and charge using compatible USB power sources according to standard electrical safety practices.

Returns & Support

We offer a 30-day return policy for this item. If you need assistance with your order or have questions about the product, our support team is available 24/7 to help.

Materials

Polypropylene
Plastic Components
LED Light Components
Rechargeable Battery
Electronic Components",109.99,USD,3,"small_bedside_lamp,reading_table_lamp,cordless_desk_lamp,mini_desk_lamp,battery_powered_lamp,foldable_desk_lamp,portable_table_lamp,chargeable_desk_lamp,wireless_desk_lamp,led_portable_lamp,compact_desk_light,craft_table_lamp,dorm_room_lamp","Electronic Components,Rechargeable Battery,Polypropylene,LED Light Components,Plastic Components",https://i.etsystatic.com/64439944/r/il/457edb/7846120823/il_fullxfull.7846120823_5ips.jpg,https://i.etsystatic.com/64439944/r/il/704458/7846120845/il_fullxfull.7846120845_kknx.jpg,https://i.etsystatic.com/64439944/r/il/24fdc3/7798183896/il_fullxfull.7798183896_sj8n.jpg,https://i.etsystatic.com/64439944/r/il/7a905b/7798183898/il_fullxfull.7798183898_q30l.jpg,https://i.etsystatic.com/64439944/r/il/82195b/7798183906/il_fullxfull.7798183906_oi3d.jpg,https://i.etsystatic.com/64439944/r/il/f1492b/7798183826/il_fullxfull.7798183826_41ha.jpg,https://i.etsystatic.com/64439944/r/il/3b13f3/7846121245/il_fullxfull.7846121245_8itm.jpg,,,,,,,,,,TV-PD53
"Small Touch Bedside Lamp: White Frosted Glass Shade, 3-Level Dimmable LED Nightstand Light","Description
Designed by the seller and carefully handcrafted by our skilled team, this compact touch bedside lamp combines modern simplicity with practical lighting for everyday spaces. The elegant white glass shade paired with a sleek metal base creates a refined look that complements bedrooms, living rooms, desks, dorm rooms, and small apartment interiors.

The lamp features a frosted opal glass shade that softly diffuses light throughout the room, creating a comfortable and balanced illumination. This design helps distribute light evenly while maintaining a calm and welcoming atmosphere for evening relaxation, reading, or bedside lighting.

A convenient touch control system allows you to adjust the brightness easily by gently tapping the metal base. The lamp offers three brightness levels that adapt to different lighting needs. The lower setting provides a subtle ambient glow for nighttime use, the medium level supports comfortable reading, and the brighter setting offers clearer illumination for tasks or general lighting.

The lamp includes an LED bulb designed to provide warm and stable lighting suitable for extended use. The glass shade helps soften the light output while maintaining a clean and elegant visual appearance that works well with both modern and classic decor styles.

With compact dimensions of approximately 7.09 inches in height and 5.12 inches in width and depth, the lamp is ideal for small nightstands, desks, shelves, or limited spaces where a full-size lamp may not fit comfortably. Its small footprint makes it suitable for bedrooms, studios, dorm rooms, offices, cafés, and other interior settings.

The lamp requires a simple assembly process that can be completed quickly without tools, allowing you to enjoy your lighting setup with minimal effort.

Specifications

Product Type: Touch Table Lamp
Product Dimensions: 5.12 D x 5.12 W x 7.09 H inches
Item Weight: 0.88 kilograms (approximately 1.94 pounds)
Base Material: Metal
Shade Material: Frosted glass
Shade Color: White
Lamp Type: Table lamp
Light Source: LED bulb included
Bulb Base: E26
Brightness Levels: 3 adjustable levels
Switch Type: Touch control
Lighting Method: LED
Mounting Type: Tabletop
Power Source: Corded electric
Indoor Use: Yes
Assembly Required: Yes
Recommended Spaces: Bedroom, living room, desk, dorm, small rooms

Care & Maintenance

Clean the glass shade gently with a soft dry or slightly damp cloth to maintain its appearance. The metal base can be wiped with a soft cloth to remove dust. Avoid exposure to excess moisture.

Shipping & Processing

Processing time is typically 2–3 business days.
Delivery usually takes 3–4 business days depending on the destination location.

Color Note

Actual product colors may slightly vary due to lighting conditions during photography and differences in screen display settings.

Handcrafted Glass Note

Due to the glass manufacturing process, minor variations in texture or finish may occur, giving each lamp subtle individuality.

Safety Note

This lamp contains electrical components and should be used according to standard indoor lighting safety practices.

Returns & Support

We offer a 30-day return policy for this item. If you have any questions about your order or need assistance, our support team is available 24/7 to help.

Materials

Glass
Metal
LED Bulb
Electrical Components",104.99,USD,3,"small_desk_lamp,modern_table_lamp,night_touch_lamp,dimmable_bed_lamp,glass_shade_lamp,small_table_lamp,touch_bedside_lamp,home_decor_lamp,white_glass_lamp,dorm_room_lamp,reading_desk_lamp,compact_table_lamp,minimal_bedside_lamp","Electrical Components,LED Bulb,Metal,Glass",https://i.etsystatic.com/64439944/r/il/f97150/7794554060/il_fullxfull.7794554060_1srp.jpg,https://i.etsystatic.com/64439944/r/il/358e53/7794554038/il_fullxfull.7794554038_havt.jpg,https://i.etsystatic.com/64439944/r/il/ce1ff1/7794554066/il_fullxfull.7794554066_e4m6.jpg,https://i.etsystatic.com/64439944/r/il/a1c4bb/7794554032/il_fullxfull.7794554032_e4wq.jpg,https://i.etsystatic.com/64439944/r/il/437781/7794554034/il_fullxfull.7794554034_pf9d.jpg,https://i.etsystatic.com/64439944/r/il/25cc0a/7794554036/il_fullxfull.7794554036_lgf3.jpg,,,,,,,,,,,TV-PD56
"White Ceramic Table Lamp with Fabric Shade, 3 Color Temperature Reading Light","Description:
Designed by the seller and carefully handcrafted by our skilled team, this elegant ceramic bedside table lamp offers practical lighting with a clean and modern aesthetic. Featuring a smooth ceramic base and a soft fabric shade, the lamp is designed to complement a wide range of interior styles while providing comfortable lighting for reading, studying, or everyday relaxation.

The lamp includes three selectable color temperatures that allow you to adjust the lighting to suit different moments throughout the day. With a simple touch control, you can switch between warm white light for a relaxed evening atmosphere, natural white light for everyday activities, and cool white light for focused tasks such as reading or working. This versatility makes the lamp suitable for bedrooms, study areas, dorm rooms, and home offices.

A high-quality fabric shade gently diffuses the light, helping create a soft and balanced illumination across the room. The shade works together with the included LED bulb to provide stable lighting suitable for extended reading or desk activities. The weighted ceramic base provides stability while maintaining a minimalist appearance that blends well with both modern and classic home décor.

Standing approximately 15.5 inches tall with a compact 7-inch width and depth, the lamp fits comfortably on bedside tables, desks, or small surfaces without occupying too much space. A 5-foot power cord provides flexible placement options, allowing the lamp to be positioned conveniently around the room.

The lamp is designed for quick assembly and can be set up in just a few simple steps, making it a practical lighting solution for bedrooms, dorm rooms, living rooms, and home offices.

Specifications:
Product Type: Table Lamp / Bedside Lamp
Overall Height: 15.5 inches
Product Dimensions: 7 D x 7 W x 15 H inches
Base Diameter: 5.5 inches
Item Weight: 2.2 pounds
Base Material: Ceramic
Shade Material: Fabric
Finish: Lacquered
Color: White
Bulb Base: E26
Included Light Source: LED bulb included
Maximum Wattage: 60W
Voltage: 110V AC
Color Temperature Modes: 2700K warm white, 4000K natural white, 6000K cool white
Switch Type: Push button touch control
Power Source: Corded electric
Cord Length: 5 feet
Mounting Type: Freestanding tabletop
Indoor Use: Yes
Recommended Rooms: Bedroom, living room, nursery, dorm, home office

Care & Maintenance:
Wipe the ceramic base with a soft dry cloth to maintain its smooth finish. The fabric shade can be gently dusted to remove surface particles. Avoid direct contact with water or excessive moisture.

Shipping & Processing:
Processing time is typically 2–3 business days.
Delivery usually takes 3–4 business days depending on the destination location.

Color Note:
Actual product colors may slightly vary due to lighting conditions during photography and differences in screen display settings.

Handcrafted Note:
Due to the ceramic construction and finishing process, minor surface variations may occur, adding subtle character to each lamp.

Safety Note:
This lamp contains electrical components and should be used according to standard indoor lighting practices. Use compatible bulbs and follow recommended wattage guidelines.

Returns & Support:
We offer a 30-day return policy for this item. If you need assistance with your order or have any questions, our support team is available 24/7 to help.

Materials:
Ceramic
Fabric
LED Bulb
Metal Lamp Components
Electrical Cord",104.99,USD,3,"small_table_lamp,fabric_shade_lamp,modern_bedside_lamp,3_color_lamp,reading_desk_lamp,bedroom_night_lamp,white_table_lamp,ceramic_bedside_lamp,bedside_reading_lamp,minimal_table_lamp,home_office_lamp,nursery_table_lamp,dorm_room_lamp","Electrical Cord,Metal Lamp Components,LED Bulb,Fabric,Ceramic",https://i.etsystatic.com/64439944/r/il/373f17/7842458681/il_fullxfull.7842458681_r80v.jpg,https://i.etsystatic.com/64439944/r/il/533d86/7842458727/il_fullxfull.7842458727_6zzt.jpg,https://i.etsystatic.com/64439944/r/il/651c4d/7842458677/il_fullxfull.7842458677_h1ql.jpg,https://i.etsystatic.com/64439944/r/il/49deef/7794526092/il_fullxfull.7794526092_fhzn.jpg,https://i.etsystatic.com/64439944/r/il/bc72f8/7842458729/il_fullxfull.7842458729_mitd.jpg,https://i.etsystatic.com/64439944/r/il/4fe054/7794526084/il_fullxfull.7794526084_jcb4.jpg,https://i.etsystatic.com/64439944/r/il/9452bd/7794526094/il_fullxfull.7794526094_4d64.jpg,,,,,,,,,,TV-PD55
"Set of 2 White Textured Base Table Lamps with Fabric Shade (11.8 Inch)","Description:
Designed by the seller and carefully handcrafted by our skilled team, this compact bedside table lamp set brings a clean and charming lighting accent to modern interiors. Featuring a textured studded base and a soft white fabric shade, these lamps combine simple elegance with practical lighting for everyday use.

The distinctive textured base gives the lamp a decorative character while maintaining a minimal and modern appearance. Paired with a classic white fabric shade, the design creates a balanced look that blends easily with bedroom, nursery, office, or living room décor. The shade gently diffuses light to produce a comfortable glow suitable for reading, studying, or relaxing at the end of the day.

With a height of 11.8 inches and a width of 6.6 inches, these lamps are thoughtfully sized for compact spaces such as nightstands, desks, dorm rooms, or small apartments. The small footprint allows them to provide useful lighting without occupying too much surface space. The set includes two lamps, making it suitable for placing on both sides of a bed or using in multiple rooms.

Each lamp features a standard E26 medium base socket, compatible with a wide range of bulb types including LED, CFL, and incandescent bulbs. The convenient push button switch located on the power cord allows for simple and easy operation, especially for bedside use. A long power cord also helps with flexible placement around the room.

The lamp set arrives with a simple assembly design that can be completed quickly, allowing you to place and enjoy the lamps with minimal setup.

Specifications:
Product Type: Table Lamp / Desk Lamp
Quantity: Set of 2 lamps
Overall Height: 11.8 inches
Diameter: 6.6 inches
Product Dimensions: 6.6 D x 6.6 W x 11.8 H inches
Base Material: Plastic with textured finish
Shade Material: Fabric
Shade Color: White
Finish: Textured
Bulb Base: E26 medium base
Compatible Bulbs: LED, incandescent, CFL
Maximum Wattage: 100W incandescent or 25W LED
Light Source: Bulb not included
Switch Type: Push button switch on cord
Power Source: Corded electric
Voltage: 120V
Mounting Type: Tabletop
Assembly Required: Yes
Recommended Rooms: Bedroom, nursery, living room, office, dorm

Care & Maintenance:
Clean the lamp base with a soft dry cloth to remove dust. The fabric lampshade can be gently dusted with a soft brush or cloth. Avoid exposure to moisture or direct water contact.

Shipping & Processing:
Processing time is typically 2–3 business days.
Delivery usually takes 3–4 business days depending on the destination location.

Color Note

Actual product colors may slightly vary due to lighting conditions during photography and differences in screen display settings.

Safety Note:
This lamp includes electrical components and should be used according to standard indoor lighting safety practices. Use compatible bulbs within the recommended wattage limit.

Returns & Support:
We offer a 30-day return policy for this item. If you have any questions about your order, our support team is available 24/7 to assist you.

Materials:
Plastic
Fabric
Metal Lamp Components
Electrical Cord",124.99,USD,3,"bedside_table_lamp,bedroom_lamp_set,nursery_table_lamp,set_small_desk_lamp,nightstand_lamp,white_bedside_lamp,small_table_lamp_set,white_fabric_lamp,compact_bedside_lamp,kids_room_lamp,modern_table_lamp,reading_desk_lamp,home_decor_lamp","Electrical Cord,Metal Lamp Components,Fabric,Plastic",https://i.etsystatic.com/64439944/r/il/010131/7794431066/il_fullxfull.7794431066_pq8d.jpg,https://i.etsystatic.com/64439944/r/il/56c781/7794431064/il_fullxfull.7794431064_7x6x.jpg,https://i.etsystatic.com/64439944/r/il/464106/7842364115/il_fullxfull.7842364115_dkux.jpg,https://i.etsystatic.com/64439944/r/il/115fea/7794431058/il_fullxfull.7794431058_knb8.jpg,https://i.etsystatic.com/64439944/r/il/0361c6/7842364109/il_fullxfull.7842364109_gmz3.jpg,,,,,,,,,,,,TV-PD54
"LED Desk Lamp with USB Ports, Touch Control, 3 Color Modes, Stepless Dimming","Description
Designed by the seller and carefully handcrafted by our skilled team, this modern LED desk lamp combines practical functionality with a clean contemporary design. With adjustable lighting modes, built-in USB charging ports, and a flexible gooseneck structure, this lamp is created to support daily activities such as reading, studying, or working while maintaining an organized and comfortable workspace.

The lamp features an integrated LED light source with three color temperature options, allowing you to adjust the lighting according to your task or environment. Warm light, natural light, and cool light modes provide versatility for different moments throughout the day. The touch control panel enables easy adjustment, allowing you to change brightness levels with smooth stepless dimming to achieve the preferred lighting level for your desk.

A flexible 360-degree gooseneck design allows the lamp head to be positioned in multiple directions, making it easy to direct light exactly where it is needed. This adaptability is particularly useful for reading, studying, writing, or detailed work tasks. The slim structure also helps the lamp fit neatly on desks, study tables, and bedside surfaces.

To enhance workspace organization, the base includes a built-in pen holder and phone stand that can keep everyday items such as pens, rulers, and mobile devices conveniently within reach. The lamp also includes two USB charging ports rated at 5V and 2.4A, allowing small electronic devices such as phones or tablets to be charged directly from the lamp whether the light is turned on or off.

With its modern matte finish and space-saving design, this desk lamp works well in home offices, study rooms, bedrooms, dorm rooms, or reading corners where adjustable and practical lighting is desired.

Specifications

Product Type: LED Desk Lamp
Product Dimensions: 5.5 D x 4.92 W x 18.5 H inches
Item Weight: 490 grams (approximately 1.08 pounds)
Base Material: Ceramic
Shade Material: Plastic
Finish: Matte
Color: Black
Lamp Type: Desk Lamp
Light Source: Integrated LED
Bulb Base: GU10
Maximum Wattage: 22W
Voltage: 12V
Color Modes: 3000K warm light, 4500K natural light, 6500K cool light
Brightness Control: Stepless dimming with touch control
Switch Type: Capacitive touch control
Charging Ports: Two USB ports (5V, 2.4A)
Special Features: Pen holder, phone stand, flexible gooseneck
Mounting Type: Tabletop
Power Source: Corded electric
Indoor Use: Yes
Number of Lights: 1

Care & Maintenance

Keep the lamp clean by wiping the base and lamp head with a soft dry cloth. Avoid exposure to moisture and keep electrical components away from water. Ensure the power adapter is properly connected during use.

Shipping & Processing

Processing time is typically 2–3 business days.
Delivery usually takes 3–4 business days depending on the destination location.

Color Note

Actual product colors may slightly vary due to lighting conditions during photography and differences in screen display settings.

Safety Note

This lamp includes electrical components and USB charging ports. Use the lamp with the provided adapter and follow standard indoor electrical safety practices.

Returns & Support

We offer a 30-day return policy for this item. If you need assistance with your order or have questions about the product, our support team is available 24/7 to help.

Materials:
Ceramic
Plastic
LED Components
Electrical Cord
Metal Internal Parts",119.99,USD,3,"home_office_lamp,dimmable_desk_lamp,office_desk_lamp,modern_desk_lighting,gooseneck_desk_lamp,reading_table_lamp,study_desk_lamp,touch_control_lamp,usb_desk_lamp,usb_charging_lamp,adjustable_desk_lamp,student_study_lamp,bedroom_desk_lamp","Ceramic,Plastic,LED Components,Electrical Cord,Metal Internal Parts",https://i.etsystatic.com/64439944/r/il/7b0c2d/7787091496/il_fullxfull.7787091496_h14w.jpg,https://i.etsystatic.com/64439944/r/il/19c0fa/7835020397/il_fullxfull.7835020397_foh1.jpg,https://i.etsystatic.com/64439944/r/il/074d93/7787091498/il_fullxfull.7787091498_21ov.jpg,https://i.etsystatic.com/64439944/r/il/e30634/7787091502/il_fullxfull.7787091502_6415.jpg,https://i.etsystatic.com/64439944/r/il/fe75a8/7835020405/il_fullxfull.7835020405_wql3.jpg,https://i.etsystatic.com/64439944/r/il/fa4879/7787091504/il_fullxfull.7787091504_gx01.jpg,,,,,,,,,,,TV-PD52
"Gold Geometric Metal Table Lamp with White Fabric Shade – Modern Bedside Nightstand Desk Lamp","Description
Designed by the seller and carefully handcrafted by our skilled team, this modern geometric table lamp offers a stylish lighting solution that blends contemporary design with functional elegance. The polished gold hollow metal base paired with a soft white fabric shade creates a balanced decorative accent suitable for bedrooms, desks, living spaces, and cozy corners of the home.

The lamp features a distinctive hollow-out geometric metal base finished in polished gold, bringing a modern artistic touch to interior decor. Its open design allows light to subtly reflect through the structure, creating a warm and visually appealing atmosphere. The cylindrical white fabric shade gently diffuses the light, helping produce a comfortable glow that works well for bedside lighting, reading spaces, or ambient room illumination.

With a compact size of 14.2 inches in height and a 7.1-inch diameter, this lamp is designed to fit neatly on nightstands, desks, shelves, or small tables without taking up unnecessary space. Despite its lightweight construction, the sturdy metal base provides stability for everyday use. Its clean and minimal design complements a variety of decor styles including modern, contemporary, and minimalist interiors.

The lamp supports a standard E26 bulb base, allowing you to choose a compatible bulb that suits your preferred brightness and light tone. The convenient push button switch located on the cord allows for easy on and off control. Assembly is simple and requires minimal setup so the lamp can be quickly placed and enjoyed in your space.

Specifications

Overall Height: 14.2 inches
Diameter: 7.1 inches
Product Dimensions: 7.1 D x 7.1 W x 14.2 H inches
Item Weight: 1.5 pounds
Base Material: Metal
Shade Material: Fabric
Base Finish: Polished gold
Shade Color: White
Lamp Style: Modern geometric
Bulb Base: E26 standard base
Maximum Wattage: 60W
Compatible Bulbs: LED, CFL, Incandescent
Light Source: Bulb not included
Switch Type: Push button switch on cord
Power Source: Corded electric
Voltage: 120V
Number of Lights: 1
Indoor Use: Yes
Mounting Type: Tabletop

Care & Maintenance

Clean the metal base using a soft dry cloth to maintain its polished finish. The fabric lampshade can be lightly dusted to remove surface particles. Avoid direct exposure to moisture or water.

Shipping & Processing

Processing time is typically 2–3 business days.
Delivery usually takes 3–4 business days depending on the destination location.

Color Note

Actual product color may slightly vary due to lighting conditions during photography and differences in screen display settings.

Safety Note

This lamp includes electrical wiring and should be used following standard indoor electrical safety guidelines. Use only bulbs compatible with the E26 base and within the recommended wattage limit.

Returns & Support

We offer a 30-day return policy for this item. If you need assistance with your order or have any questions, our support team is available 24/7 to help.

Materials

Metal
Fabric
Electrical Cord
Metal Lamp Components",119.99,USD,3,"fabric_shade_lamp,bedroom_table_lamp,gold_nightstand_lamp,small_desk_lamp,modern_bedside_lamp,geometric_table_lamp,gold_table_lamp,minimal_table_lamp,modern_home_lighting,decorative_desk_lamp,living_room_lamp,compact_bedside_lamp,kids_room_table_lamp","Metal Lamp Components,Electrical Cord,Fabric,Metal",https://i.etsystatic.com/64439944/r/il/7ae23f/7787063204/il_fullxfull.7787063204_3v7t.jpg,https://i.etsystatic.com/64439944/r/il/5c9bb3/7834992203/il_fullxfull.7834992203_rfbs.jpg,https://i.etsystatic.com/64439944/r/il/6fd2e4/7787063220/il_fullxfull.7787063220_3gkp.jpg,https://i.etsystatic.com/64439944/r/il/fef253/7834992201/il_fullxfull.7834992201_t6pz.jpg,https://i.etsystatic.com/64439944/r/il/a9d33d/7787063226/il_fullxfull.7787063226_lqji.jpg,https://i.etsystatic.com/64439944/r/il/5ddb9f/7787063224/il_fullxfull.7787063224_bbia.jpg,,,,,,,,,,,TV-PD51
"Set of 2 Modern White Ceramic Table Lamps with Linen Shade (20.5 Inch)","Description
Designed by the seller and carefully handcrafted by our skilled team, this modern ceramic bedside lamp set brings a refined balance of simplicity and elegance to your interior space. With its glossy ceramic base and neutral linen shade, this lamp set blends contemporary and classic design elements, making it a stylish addition to bedrooms, living rooms, offices, dorms, and guest spaces.

The smooth white ceramic base offers a clean and modern look that complements a wide range of home decor styles, from farmhouse and contemporary to minimalist interiors. Each lamp is paired with a soft linen lampshade that gently diffuses light to create a comfortable and welcoming atmosphere. The linen shade helps soften brightness, making it suitable for relaxed evening lighting, reading areas, or bedside use.

Standing at 20.5 inches in height, these table lamps provide a balanced presence on nightstands, end tables, or office desks. The sturdy ceramic base offers stability, while the thoughtfully sized 11-inch shade ensures broad and even light distribution throughout the room. The lamp uses a standard E26 bulb base, allowing you to choose the brightness and light tone that best suits your environment.

This lamp set arrives with a simple assembly design that allows for quick setup without tools. The streamlined packaging also helps reduce excess material while keeping the product protected during shipping.

Specifications

Overall Height: 20.5 inches
Shade Width: 11 inches
Base Diameter: 4.5 inches
Product Dimensions: 11 D x 11 W x 20.5 H inches
Material: Ceramic base with linen fabric shade
Finish: Glossy white ceramic
Shade Color: Beige
Bulb Base: E26 standard base
Maximum Wattage: 60W
Light Source: Bulb not included
Switch Type: Rotary switch
Power Source: Corded electric with 5 ft power cord
Voltage: 120V
Quantity: Set of 2 lamps
Usage: Indoor lighting and decorative use
Recommended Rooms: Bedroom, living room, office, dorm, guest room

Care & Maintenance

To maintain the appearance of the ceramic base, gently wipe with a soft dry cloth. The linen lampshade can be lightly dusted with a clean brush or cloth to remove surface dust. Avoid exposure to moisture or direct water contact.

Shipping & Processing

Processing time is typically 2–3 business days.
Delivery usually takes 3–4 business days depending on the destination location.

Color Note

Actual product colors may slightly vary due to lighting conditions during photography and differences in screen display settings.

Safety Note

This lamp includes electrical wiring and should be used according to standard indoor lighting safety practices. Use a compatible E26 bulb within the recommended wattage limit.

Returns & Support

We offer a 30-day return policy for this item. If you have any questions about your order or need assistance, our support team is available 24/7 to help.

Materials

Ceramic
Linen Fabric
Metal Lamp Components
Electrical Cord",149.99,USD,3,"room_table_lamp,linen_shade_lamp,bedroom_night_lamp,farmhouse_table_lamp,white_ceramic_lamp,modern_bedside_lamp,bedside_lamp,ramic_table_lamp,desk_table_lamp,minimal_bedside_lamp,ceramic_lamp_set,modern_home_lighting,bedroom_light_decor","Metal Lamp Components,Linen Fabric,Ceramic,Electrical Cord",https://i.etsystatic.com/64439944/r/il/25a5d2/7782777540/il_fullxfull.7782777540_btr5.jpg,https://i.etsystatic.com/64439944/r/il/bfbb7d/7830702665/il_fullxfull.7830702665_1yor.jpg,https://i.etsystatic.com/64439944/r/il/e71387/7782777542/il_fullxfull.7782777542_8kcp.jpg,https://i.etsystatic.com/64439944/r/il/b631f0/7782777548/il_fullxfull.7782777548_fnqg.jpg,https://i.etsystatic.com/64439944/r/il/dea76d/7830702657/il_fullxfull.7830702657_lmx1.jpg,https://i.etsystatic.com/64439944/r/il/11f3e1/7830702649/il_fullxfull.7830702649_50g5.jpg,https://i.etsystatic.com/64439944/r/il/c3e114/7782777560/il_fullxfull.7782777560_tlpo.jpg,https://i.etsystatic.com/64439944/r/il/274ee5/7830702673/il_fullxfull.7830702673_s4xe.jpg,,,,,,,,,TV-PD50
"Rechargeable Cordless Table Lamp: Silver Aluminum, Touch Control, 3 Color Modes","Description
Bring modern style and convenient lighting to any space with this rechargeable cordless table lamp. Designed with a sleek aluminum body and brushed silver finish, this portable LED lamp blends beautifully with modern interiors while offering practical lighting for both indoor and outdoor use.

The lamp features three adjustable color temperatures including warm light, natural light, and cool white light. With stepless dimming control, you can easily adjust brightness from soft ambient lighting to brighter illumination for reading or dining. The touch control panel on the top makes switching modes simple and effortless.

Powered by a high-capacity 5000mAh rechargeable battery, this cordless table lamp provides long-lasting lighting for 8 to 48 hours depending on brightness level. Its cordless design allows easy placement on dining tables, patios, balconies, or bedside tables without worrying about power outlets.

The lamp is crafted from precision-machined aluminum with a diamond-pattern stem, offering both a modern aesthetic and improved grip. With IP54 waterproof protection and flicker-free LED lighting, it is suitable for both indoor and outdoor environments such as patios, restaurants, cafés, bedrooms, and living rooms.

Perfect for home décor, cozy lighting, or outdoor dining settings, this portable LED table lamp combines elegance, portability, and energy-efficient lighting in one stylish design.

Key Features

• Rechargeable Cordless Design – Built-in 5000mAh battery provides 8–48 hours of illumination depending on brightness level.
• 3 Color Temperature Modes – Switch between warm, natural, and cool white light to create the perfect atmosphere.
• Stepless Dimming Control – Adjust brightness smoothly from 10% to 100% using the touch control.
• Touch Sensitive Operation – Convenient top touch switch allows easy color switching and brightness adjustment.
• Memory Function – Automatically remembers your last brightness and color setting for convenient use.
• Durable Aluminum Construction – Premium aluminum body with brushed finish for durability and modern style.
• IP54 Waterproof Protection – Designed for both indoor and outdoor use including patios, restaurants, and balconies.
• Energy Efficient LED Lighting – 62 LED beads provide soft, flicker-free light that is comfortable for the eyes.

Specifications

• Material: Aluminum
• Finish: Brushed
• Color: Silver
• Product Dimensions: 5.1""D × 5.1""W × 11""H
• Item Weight: 1.5 lbs
• Light Source: LED (62 LED beads)
• Maximum Brightness: 200 Lumens
• Wattage: 3.5W
• Color Temperature: 3000K with 3 lighting modes
• Power Source: Rechargeable Battery
• Battery Capacity: 5000mAh
• Charging Time: 4–5 Hours
• Battery Life: 8–48 Hours
• Control Type: Touch Control
• Water Resistance: IP54
• Installation: Tabletop
• Indoor / Outdoor Use: Yes",119.99,USD,3,"portable_LED_lamp,battery_powered_lamp,restaurant__lamp,patio_table_lamp,dimmable_LED_lamp,touch_control_lamp,modern_desk_lamp,silver_table_lamp,cordless_table_lamp,rechargeable_lamp,aluminum_table_lamp,minimalist_lamp,outdoor_table_lamp",,https://i.etsystatic.com/64439944/r/il/a3426b/7827385911/il_fullxfull.7827385911_rkfg.jpg,https://i.etsystatic.com/64439944/r/il/269d3b/7827385927/il_fullxfull.7827385927_8n9z.jpg,https://i.etsystatic.com/64439944/r/il/0335ce/7827385917/il_fullxfull.7827385917_25x8.jpg,,,,,,,,,,,,,,TV-PD49
"Rechargeable Gold Cordless Table Lamp, Stepless Dimming, 3 Color Temperatures (IP44)","Description
Add elegant lighting anywhere with this rechargeable cordless table lamp designed for both indoor and outdoor spaces. The sleek gold metal finish and minimalist design create a modern decorative accent while delivering practical lighting for bedrooms, patios, restaurants, or dining tables.

This battery-powered lamp features stepless dimming and three adjustable color temperatures—warm white, natural white, and cool white—so you can easily create the perfect lighting mood. Whether you're reading, relaxing, or hosting guests, the touch-sensitive top control allows effortless brightness adjustment.

Built with premium metal construction and an IP44 weather-resistant rating, this lamp is durable enough for patios, balconies, and outdoor gatherings while still looking stylish indoors. The cordless rechargeable battery fully charges in just a few hours and provides hours of reliable illumination without messy cables.

Perfect for modern homes, cafés, restaurants, or cozy bedside lighting, this elegant rechargeable lamp combines style, convenience, and functionality in one compact design.

Key Features

• Rechargeable Cordless Design – Built-in battery provides up to 8 hours of lighting after a full charge, ideal for portable use anywhere.
• Stepless Brightness Adjustment – Smooth dimming control lets you set the perfect brightness level for any situation.
• 3 Color Temperature Modes – Choose between warm white, natural white, and cool white lighting for different moods.
• Touch Control Operation – Simple touch-sensitive top panel makes switching modes and dimming quick and effortless.
• Durable Metal Construction – Premium metal body with matte gold finish offers stability and scratch resistance.
• IP44 Weather Resistant – Suitable for indoor and outdoor use including patios, gardens, balconies, and restaurants.
• Modern Minimalist Design – Stylish gold finish blends beautifully with modern, contemporary, or luxury décor.

Specifications

• Material: Metal
• Finish: Matte
• Color: Gold
• Product Dimensions: 10""D × 4.5""W × 4.5""H
• Lamp Type: Table Lamp
• Power Source: Rechargeable Battery
• Charging Time: Approximately 3 Hours
• Battery Life: Up to 8 Hours
• Light Source: LED
• Wattage: 5W
• Voltage: 5V
• Brightness: Up to 300 Lumens
• Color Temperature: 2800K with 3 modes
• Control Type: Touch Control
• Water Resistance: IP44
• Installation: Tabletop
• Indoor / Outdoor Use: Yes",109.99,USD,3,"restaurant_lamp,patio_table_lamp,modern_desk_lamp,dimmable_night_light,touch_control_lamp,gold_bedside_lamp,cordless_table_lamp,rechargeable__lamp,gold_metal_lamp,minimalist_lamp,outdoor_table_lamp,bedroom_night_light,portable_LED_lamp",,https://i.etsystatic.com/64439944/r/il/e1d032/7827375293/il_fullxfull.7827375293_husp.jpg,https://i.etsystatic.com/64439944/r/il/be733e/7827375285/il_fullxfull.7827375285_oyoq.jpg,https://i.etsystatic.com/64439944/r/il/b2ee11/7827375287/il_fullxfull.7827375287_6f3w.jpg,https://i.etsystatic.com/64439944/r/il/5002bc/7827375291/il_fullxfull.7827375291_fma2.jpg,https://i.etsystatic.com/64439944/r/il/e1f8e3/7827375289/il_fullxfull.7827375289_f8cb.jpg,,,,,,,,,,,,TV-PD483
"Eucalyptus Wood Plant Stand with Grow Light, Multi-Tier Indoor Garden Shelf","Product Description:
Designed by the seller and carefully handcrafted by our skilled team, this large wooden plant stand with integrated grow light is created to help plant lovers build a beautiful and organized indoor or outdoor garden space.
This multi-tier plant shelf combines the warmth of natural carbonized eucalyptus wood with a modern grow light system that supports healthy plant growth. The vertical cabinet-style structure features ten sturdy shelves and a wide center opening, allowing it to hold between eleven and twenty-five plant pots, including taller plants, without occupying excessive floor space.
The built-in grow light includes three lighting modes designed to support plants at different growth stages. The warm white mode simulates natural sunlight for early growth, the warm red mode supports flowering and fruiting, and the full spectrum mode provides balanced light for overall plant development. These features make the stand suitable for a wide variety of indoor plants.

Crafted from carbonized eucalyptus wood, the stand offers durability, water resistance, and stability for long-term use. Its natural brown finish blends effortlessly with boho, modern, and nature-inspired interiors. Suitable for both indoor and outdoor settings, this plant stand enhances living rooms, balconies, patios, bedrooms, and office spaces with a calm, green presence.

Specifications:
This plant stand is made from carbonized eucalyptus wood with a durable carbonized finish.
The color is brown with a warm light tone.
The structure follows a cabinet-style vertical plant shelf design.
Overall dimensions measure approximately 34 inches in length, 11.8 inches in width, and 47.5 inches in height.
The total weight is approximately 10.34 pounds.
The stand supports a load capacity of up to 180 pounds.
It includes ten shelves and can hold between eleven and twenty-five plant pots depending on size.
Assembly is required.
Designed for both indoor and outdoor use.
Special features include an integrated grow light system, hanging option, and space for tall plants.

Care & Maintenance:
Wipe the wooden surface with a dry or lightly damp cloth as needed. Avoid prolonged exposure to excessive moisture to maintain the wood finish and overall durability.

Shipping & Processing:
Processing time is 2–3 business days.
Estimated delivery time is 3–4 business days, depending on location.

Color Note:
Colors may slightly vary due to lighting conditions and individual screen settings.

Safety Note:
This product includes an integrated electrical grow light. Ensure proper installation and follow usage instructions to maintain safe operation.

Returns & Support

This item includes a 30-day return policy.
Our customer support team is available 24/7 to assist with any questions or concerns.

Materials:
Carbonized eucalyptus wood
Electrical grow light components",104.99,USD,2,"vertical_plant_stand,boho_plant_decor,large_plant_holder,growing_plant_shelf,multi_plant_stand,indoor_plant_stand,wooden_plant_shelf,plant_lighted_stand,balcony_plant_stand,plant_display_stand,plant_shelf_for_pots,plant_rack_indoor,indoor_garden_shelf","Carbonized eucalyptus wood,Electrical grow light components",https://i.etsystatic.com/64439944/r/il/c0a41a/7715868706/il_fullxfull.7715868706_4zbj.jpg,https://i.etsystatic.com/64439944/r/il/81319d/7763807127/il_fullxfull.7763807127_15zf.jpg,https://i.etsystatic.com/64439944/r/il/c7b40e/7763807125/il_fullxfull.7763807125_a1k8.jpg,https://i.etsystatic.com/64439944/r/il/1a699f/7763807139/il_fullxfull.7763807139_ku50.jpg,https://i.etsystatic.com/64439944/r/il/3ff1cd/7763807147/il_fullxfull.7763807147_qzv0.jpg,https://i.etsystatic.com/64439944/r/il/46243b/7715868718/il_fullxfull.7715868718_h0lp.jpg,,,,,,,,,,,TV-PD04
"Modern Bronze Arc Floor Lamp with Adjustable LED Light, Foot Switch Fabric Shade","DESCRIPTION:

Designed by the seller and carefully crafted by skilled makers, this modern arc floor lamp blends elegant design with practical lighting. The curved silhouette, bronze metal finish, and soft fabric shade create a stylish lighting piece that enhances any contemporary living space.

Standing at 65 inches tall, this arc floor lamp provides wide, comfortable illumination ideal for living rooms, bedrooms, reading corners, offices, or study areas. The curved arm design allows the light to extend over sofas, chairs, or desks, making it perfect for both functional and decorative use.

The lamp includes a 9W LED bulb with three adjustable color temperature options: 3000K warm light, 4000K natural light, and 6000K daylight. Easily switch between lighting modes to create the perfect atmosphere for relaxing, reading, studying, or working.

For additional flexibility, the lamp head is fully adjustable and can rotate up to 350° horizontally and 90° vertically. This allows you to direct the light exactly where it is needed, improving visibility while maintaining a soft, comfortable glow that is gentle on the eyes.

A convenient foot switch allows you to turn the lamp on or off easily without bending down, making it especially useful when your hands are full. The 5.9-foot power cord allows flexible placement anywhere in the room.

Built with a sturdy metal frame and a heavy, stable base, this floor lamp is designed to remain balanced and secure, helping prevent tipping or wobbling. Its durable construction ensures reliable everyday use while maintaining a refined modern appearance.

The lamp is easy to assemble with simple components that quickly screw together, allowing you to set up the lighting in just a few minutes.

SPECIFICATIONS:

Height: 65.35 inches
Base Diameter: 9.48 inches
Product Dimensions: 21.46""D x 12.01""W x 65.35""H
Weight: 7.19 lbs
Material: Metal and Fabric
Finish: Brushed Bronze
Shade Material: Fabric
Shade Color: Beige

Light Source: LED
Bulb Base: E26
Included Bulb: Yes
Bulb Power: 9W
Color Temperatures: 3000K / 4000K / 6000K

Switch Type: Foot Switch
Mounting Type: Floor Mount
Power Source: Corded Electric
Indoor/Outdoor Use: Indoor Only

CARE INSTRUCTIONS:
Clean with a soft dry cloth. Avoid using harsh chemicals or abrasive cleaners.

SHIPPING & PROCESSING:
Processing Time: 2–3 Business Days
Estimated Delivery: 3–5 Business Days depending on location.

COLOR DISCLAIMER:
Actual colors may vary slightly due to lighting conditions and monitor settings.

MATERIALS:
Metal
Fabric
LED Components",119.99,USD,3,"decor_floor_lamp,modern_home_lighting,tall_floor_lamp,office_standing_lamp,minimal_floor_lamp,corner_floor_lamp,fabric_shade__lamp,reading_floor_lamp,bedroom_floor_lamp,standing_floor_lamp,room_floor_lamp,bronze_floor_lamp,modern_floor_lamp","LED Components,Fabric,Metal",https://i.etsystatic.com/64439944/r/il/f4e593/7773388676/il_fullxfull.7773388676_pupb.jpg,https://i.etsystatic.com/64439944/r/il/bd023e/7773388630/il_fullxfull.7773388630_pczu.jpg,https://i.etsystatic.com/64439944/r/il/0e1547/7821321585/il_fullxfull.7821321585_2xnk.jpg,https://i.etsystatic.com/64439944/r/il/21360f/7821321545/il_fullxfull.7821321545_7eme.jpg,https://i.etsystatic.com/64439944/r/il/59e684/7773388632/il_fullxfull.7773388632_66g8.jpg,https://i.etsystatic.com/64439944/r/il/1af547/7773388638/il_fullxfull.7773388638_obsy.jpg,https://i.etsystatic.com/64439944/r/il/faad57/7821321547/il_fullxfull.7821321547_d1h2.jpg,,,,,,,,,,TV-PD47
"Boho Rattan Floor Lamp with Side Table, Rustic Gold Farmhouse Lighting","DESCRIPTION:
Designed by the seller and carefully handcrafted by our skilled team, this boho-style floor lamp combines warm ambient lighting with practical functionality. The elegant design features three rattan-style lampshades and a built-in side table, making it both a decorative lighting piece and a convenient storage solution for modern living spaces.

Crafted with a sturdy metal frame and finished in rustic gold, the lamp stands 63 inches tall and fits perfectly beside sofas, beds, or reading chairs. The natural-style rattan shades gently diffuse the light, creating a soft and cozy atmosphere that is comfortable for the eyes while enhancing the overall décor of your home.

This multifunctional floor lamp includes a built-in tray table that provides a convenient surface for placing drinks, books, phones, or decorative items. It helps save space and eliminates the need for an additional side table, making it ideal for apartments, living rooms, bedrooms, offices, or reading corners.

The lamp features stepless dimming with a rotary switch, allowing you to easily adjust the brightness from soft ambient lighting to brighter illumination for reading or working. Three LED bulbs are included, producing a warm 3000K light that creates a relaxing and welcoming environment.

Designed for stability and durability, the weighted base prevents wobbling or tipping, ensuring safe use around children and pets. The premium metal construction provides long-lasting strength while maintaining a stylish appearance.

Assembly is simple and quick. All parts easily screw together without tools, allowing you to complete installation in just a few minutes.

Specifications:
Height: 63 inches
Base Dimensions: 9.4""D x 9.4""W
Weight: 9 pounds
Material: Metal
Finish: Rustic Gold
Shade Material: Rattan Style
Shade Color: White
Light Source: LED
Bulb Base: G9
Number of Lights: 3
Color Temperature: 3000K Warm White
Switch Type: Rotary Dimmer
Power Source: Corded Electric
Mounting Type: Floor Mount
Usage: Indoor

Care Instructions:
Wipe clean with a soft dry cloth. Avoid using harsh chemicals or abrasive materials.

Shipping & Processing:
Processing time: 2–3 business days
Estimated delivery: 3–4 business days depending on location.

Color Disclaimer:
Actual colors may vary slightly due to lighting conditions and monitor display differences.

Safety Notice:
Indoor use only. Keep away from excessive moisture and water.

Returns & Support:
30-day return policy available. Customer support is available to assist with any questions or concerns.

MATERIALS:
Metal
Rattan Style Shade
LED Components",199.99,USD,3,"decorative__lamp,modern_rustic_lamp,lamp_with_shelf,reading_floor_lamp,bohemian_home_decor,corner_floor_lamp,3_light_floor_lamp,bedroom_side__lamp,room_floor_lamp,floorustic_gold_lamp,dimmable_floor_lamp,farmhouse_stand_lamp,floor_lamp","LED Components,Rattan Style Shade,Metal",https://i.etsystatic.com/64439944/r/il/91e7c3/7773311682/il_fullxfull.7773311682_kizq.jpg,https://i.etsystatic.com/64439944/r/il/879519/7773311680/il_fullxfull.7773311680_s6d1.jpg,https://i.etsystatic.com/64439944/r/il/0f6f35/7821244057/il_fullxfull.7821244057_immk.jpg,https://i.etsystatic.com/64439944/r/il/7345b7/7773311676/il_fullxfull.7773311676_a10k.jpg,https://i.etsystatic.com/64439944/r/il/262def/7821244055/il_fullxfull.7821244055_ctuq.jpg,https://i.etsystatic.com/64439944/r/il/d1ba3f/7821244061/il_fullxfull.7821244061_9whz.jpg,,,,,,,,,,,TV-PD46
"Metal Cordless LED Table Lamp: Stepless Dimming, Rechargeable Nightstand Light","DESCRIPTION:
Designed by the seller and carefully handcrafted by our skilled team, this cordless LED table lamp combines minimalist design with practical lighting versatility for bedrooms, dining tables, study desks, and hospitality settings.

Crafted from metal with a powder coated matte finish, the lamp features a slim, modern silhouette in black. The detachable structure allows easy installation by aligning the threaded connection and gently twisting into place. Its compact footprint of 4.5 inches makes it suitable for nightstands, desks, and small tables while maintaining a refined presence.

Equipped with a built-in 5000mAh rechargeable battery, the lamp charges in approximately 4 hours and provides 8 to 20 hours of use depending on brightness level. USB charging allows flexible power options including wall adapters, power banks, and laptops.

This touch control lamp offers three color temperature modes: warm light, warm white light, and white light. A simple tap switches modes or turns the lamp on and off, while a long press enables stepless dimming from 10% to 100%. The brightness memory function restores the last used setting when powered on again. The circular LED light source delivers 360-degree uniform illumination designed for comfortable everyday use.

The non-slip silicone base enhances stability and protects surfaces from sliding. Suitable for indoor and outdoor placement, this lamp can be used in bedrooms, living rooms, patios, restaurants, and coffee shops.

Specifications:
Height: 14.6 inches
Base Dimensions: 4.5""D x 4.5""W
Weight: 1.7 pounds
Material: Metal
Finish: Powder Coated
Color: Black
Light Source: LED
Bulb Base: GU10
Wattage: 5W
Battery Capacity: 5000mAh Rechargeable (included)
Charging Time: Approx. 4 hours
Usage Time: 8–20 hours
Voltage: 5V
Control Method: Capacitive Touch
Installation: Tabletop
Usage: Indoor and Outdoor

Care & Maintenance:
Clean with a soft, dry cloth. Avoid harsh cleaning agents. Ensure the charging port remains dry and free from dust.

Shipping & Processing:
Processing time: 2–3 business days
Delivery time: 3–4 business days depending on location

Color Note:
Colors may slightly vary due to lighting conditions and screen display differences.

Safety Note:
This product includes electrical components and a rechargeable battery. Charge using a compatible USB cable and avoid prolonged exposure to moisture despite its water-resistant design.

Returns & Support:
We offer a 30-day return policy. Our customer support team is available 24/7 to assist with any questions.

MATERIALS:
Metal
LED Components
Rechargeable Battery
Silicone Base",109.99,USD,3,"wireless_dining_lamp,modern_bedside_lamp,3_color_led_lamp,black_metal__lamp,touch_control_lamp,rechargeable__lamp,cordless_table_lamp,dimmable_night_light,outdoor_table_light,shop_decor_lamp,minimal_table_lamp,portable_led_lamp,modren_table_lamp","Silicone Base,Rechargeable Battery,LED Components,Metal",https://i.etsystatic.com/64439944/r/il/a0e838/7817887307/il_fullxfull.7817887307_f88c.jpg,https://i.etsystatic.com/64439944/r/il/8e8517/7817887309/il_fullxfull.7817887309_gxem.jpg,https://i.etsystatic.com/64439944/r/il/0bad19/7769947748/il_fullxfull.7769947748_5f75.jpg,https://i.etsystatic.com/64439944/r/il/7c297b/7817887275/il_fullxfull.7817887275_ezgh.jpg,https://i.etsystatic.com/64439944/r/il/cba9f2/7769947746/il_fullxfull.7769947746_3gjy.jpg,https://i.etsystatic.com/64439944/r/il/e8b839/7817887283/il_fullxfull.7817887283_330k.jpg,,,,,,,,,,,TV-PD45
"Modern Floor Lamp: 60-Inch Black Metal, Oatmeal Linen Shade, 3-Color LED Bulb (Foot Switch)","DESCRIPTION:
Designed by the seller and carefully handcrafted by our skilled team, this 60-inch modern floor lamp brings clean lines and balanced proportions to living rooms, bedrooms, offices, and study spaces.

The design pairs an oatmeal linen lampshade with a solid black metal base, creating a refined contrast that complements minimalist and contemporary interiors. The neutral fabric shade softly diffuses light, adding warmth and visual comfort while serving as a subtle decorative element in any room.

This standing lamp includes an A19 9W LED bulb with three selectable color temperatures—warm, cool, and daylight. The integrated foot switch allows you to change lighting tones easily to suit reading, relaxing, or focused tasks. The E26 socket base supports compatible LED bulbs up to 100W, offering flexibility if you choose to personalize the lighting in the future. A 59-inch power cable allows convenient placement in corners or beside seating areas.

The weighted metal base provides stability, while the freestanding structure ensures easy positioning without wall mounting. Designed for indoor use, this lamp functions as both practical lighting and understated room decor.

Specifications:
Height: 60 inches
Base Dimensions: 11""D x 11""W
Material: Metal, Linen
Finish: Black
Shade Color: Oatmeal
Bulb Base: E26
Included Bulb: A19 9W LED
Color Temperatures: Warm, Cool, Daylight
Maximum Wattage Support: Up to 100W
Voltage: 110V
Switch Type: Foot Switch
Power Source: Corded Electric
Installation: Freestanding
Usage: Indoor

Care & Maintenance:
Dust the metal base with a soft, dry cloth. Clean the linen shade gently using a lint roller or soft brush. Avoid moisture exposure and harsh cleaning products.

Shipping & Processing:
Processing time: 2–3 business days
Delivery time: 3–4 business days depending on location

Color Note:
Colors may slightly vary due to lighting conditions and screen display differences.

Safety Note:
This product includes electrical components. Use with compatible voltage and bulbs according to specifications. Indoor use only.

Returns & Support:
We offer a 30-day return policy. Our customer support team is available 24/7 to assist with any questions.

MATERIALS:
Metal
Linen Fabric
LED Bulb Components",114.99,USD,3,"minimalist_lamp,bedroom_side_lamp,living_room_lamp,60_inch_floor_lamp,black_standing_lamp,shade_floor_lamp,modern_floor_lamp,oatmeal_shade_lamp,tall_black_lamp,e26_base_lamp,foot_switch_lamp,freestanding_lamp,office_floor_lamp","LED Bulb Components,Linen Fabric,Metal",https://i.etsystatic.com/64439944/r/il/73d42c/7817848105/il_fullxfull.7817848105_nvg9.jpg,https://i.etsystatic.com/64439944/r/il/36cdf2/7817848103/il_fullxfull.7817848103_bzs6.jpg,https://i.etsystatic.com/64439944/r/il/38aeb9/7817848119/il_fullxfull.7817848119_58sm.jpg,https://i.etsystatic.com/64439944/r/il/fb1f75/7817848107/il_fullxfull.7817848107_kip9.jpg,https://i.etsystatic.com/64439944/r/il/8a9795/7769908940/il_fullxfull.7769908940_33xz.jpg,https://i.etsystatic.com/64439944/r/il/2b3ad9/7817848101/il_fullxfull.7817848101_jw6d.jpg,,,,,,,,,,,TV-PD44
"Industrial Farmhouse Floor Lamp, 69 Inch Black Metal Tree Light, Stepless Dimmable Edison Bulbs","DESCRIPTION:
Designed by the seller and carefully handcrafted by our skilled team, this 69-inch industrial farmhouse floor lamp combines bold metal structure with warm ambient lighting to enhance living rooms, bedrooms, offices, and dining spaces.

Crafted with a full metal body and painted matte black finish, this standing tree lamp features three elegant teardrop cage shades that showcase the included LED Edison-style bulbs. The solid iron construction provides a balanced and grounded presence, while the weighted base supports stability on various floor surfaces, including carpets.

Equipped with three E26 lamp holders, this lamp includes three 8W LED bulbs, each producing up to 800 lumens with a warm 2700K light tone. The rotary switch allows stepless dimming from 0 to 100 percent, giving you full control over brightness levels for reading, relaxing, or creating a softer evening atmosphere.

The freestanding design makes it suitable for corner placement or as a decorative accent piece. Assembly is straightforward, with the lamp arms pre-attached to the pole to simplify setup.

Specifications:
Height: 69 inches
Base Dimensions: 13""D x 13""W
Base Diameter: 9.8 inches
Weight: 4.6 kg (10.12 lbs)
Material: Metal
Finish: Painted Matte Black
Shade Type: Teardrop Metal Cage
Number of Lights: 3
Bulb Base: E26
Included Bulbs: 3 x 8W LED Edison Style
Brightness per Bulb: 800 lumens
Color Temperature: 2700K Warm White
Voltage: 120V AC
Switch Type: Rotary Dimmer
Installation: Freestanding
Usage: Indoor

Care & Maintenance:
Wipe the metal surface with a soft, dry cloth to maintain its finish. Avoid harsh cleaners or excessive moisture. Ensure bulbs are fully cooled before handling or replacement.

Shipping & Processing:
Processing time: 2–3 business days
Delivery time: 3–4 business days depending on location

Color Note:
Colors may slightly vary due to lighting conditions and screen display differences.

Safety Note:
This product includes electrical components. Install according to the instructions and use with compatible voltage for indoor use only.

Returns & Support:
We offer a 30-day return policy. Our customer support team is available 24/7 to assist with any questions.

MATERIALS:
Iron Metal
Metal Cage Shades
LED Bulbs",149.99,USD,3,"corner_standing_lamp,tall_metal_lamp,bedroom_floor_light,living_room_lamp,floor_lamp,edison_bulb__lamp,dimmable_lamp,tree_floor_lamp,metal_floor_lamp,standing_lamp,matte_black_lamp,standing_tree_lamp,reading_floor_lamp","LED Bulbs,Metal Cage Shades,Iron Metal",https://i.etsystatic.com/64439944/r/il/54ffc3/7769711936/il_fullxfull.7769711936_gzxt.jpg,https://i.etsystatic.com/64439944/r/il/538f52/7769711984/il_fullxfull.7769711984_11vl.jpg,https://i.etsystatic.com/64439944/r/il/506b2b/7817652851/il_fullxfull.7817652851_1cmz.jpg,https://i.etsystatic.com/64439944/r/il/f78a83/7817652815/il_fullxfull.7817652815_56jq.jpg,https://i.etsystatic.com/64439944/r/il/1017b7/7769711932/il_fullxfull.7769711932_51u8.jpg,https://i.etsystatic.com/64439944/r/il/68d9b6/7769711910/il_fullxfull.7769711910_qxmw.jpg,https://i.etsystatic.com/64439944/r/il/b47f5b/7817652813/il_fullxfull.7817652813_st9v.jpg,https://i.etsystatic.com/64439944/r/il/ce9dfa/7769711912/il_fullxfull.7769711912_hzjf.jpg,,,,,,,,,TV-PD43
"Arc Floor Lamp with Rattan and Fabric Shades, 63 Inch Black Metal Standing Light","DESCRIPTION:
Designed by the seller and carefully handcrafted by our skilled team, this 63-inch arc floor lamp blends natural texture with modern structure to create a refined statement piece for living rooms, bedrooms, and reading corners.

Crafted with a black metal frame and a sturdy weighted base, this standing lamp offers both stability and visual balance. The design includes two interchangeable lampshades: a handwoven rattan shade for a warm, textured look and a soft fabric shade for a clean, classic finish. The dual-shade option allows you to adjust the style to complement minimalist, farmhouse, or bohemian interiors.

The adjustable rotating lamp head moves up to 270 degrees horizontally and 120 degrees vertically, allowing you to direct light exactly where it is needed. A 12W LED E26 bulb is included, delivering up to 1200 lumens. The bulb features three selectable color temperatures—2700K warm light, 4000K natural light, and 6000K cool white light—easily controlled by the convenient foot switch for hands-free operation.

The heavy sand-weighted base enhances stability and helps reduce movement, making it suitable for placement in living rooms, bedrooms, offices, and study spaces. Designed for indoor use, this freestanding lamp combines function and decorative appeal in one streamlined silhouette.

Specifications:
Height: 63 inches
Base Dimensions: 9.8""D x 9.8""W
Weight: 5.3 kg (11.66 lbs)
Material: Metal, Rattan, Linen Fabric
Finish: Black Metal
Bulb Base: E26
Included Bulb: 12W LED (A19)
Light Output: Up to 1200 lumens
Color Temperatures: 2700K / 4000K / 6000K
Voltage: 120V
Switch Type: Foot Switch
Installation: Freestanding
Usage: Indoor

Care & Maintenance:
Dust metal surfaces and shades regularly using a soft, dry cloth. Avoid moisture exposure. For rattan and fabric shades, gently remove surface dust without applying water or harsh cleaning agents.

Shipping & Processing:
Processing time: 2–3 business days
Delivery time: 3–4 business days depending on location

Color Note:
Colors may slightly vary due to lighting conditions and screen display differences.

Handcrafted Note:
The rattan shade is handwoven, and natural variations in texture and weave pattern may occur, enhancing its authentic character.

Safety Note:
This product includes electrical components. Install according to the provided instructions and use with compatible voltage for indoor environments only.

Returns & Support:
We offer a 30-day return policy. Our customer support team is available 24/7 to assist with any questions.

MATERIALS:
Metal
Rattan
Linen Fabric
LED Bulb Components",144.99,USD,3,"corner_floor_lamp,bedroom_side_light,living_room_lamp,adjustable_head_lamp,farmhouse_floor_lamp,boho_floor_decor,black_standing_lamp,rattan_floor_lamp,arc_floor_lamp,63_inch_floor_lamp,reading_floor_lamp,fabric_shade_lamp,modern_tall_lamp","LED Bulb Components,Linen Fabric,Rattan,Metal",https://i.etsystatic.com/64439944/r/il/515f0c/7769679968/il_fullxfull.7769679968_mhf8.jpg,https://i.etsystatic.com/64439944/r/il/89301a/7817620969/il_fullxfull.7817620969_4ukt.jpg,https://i.etsystatic.com/64439944/r/il/912ff7/7769679972/il_fullxfull.7769679972_boi7.jpg,https://i.etsystatic.com/64439944/r/il/a31cc0/7817620883/il_fullxfull.7817620883_i81f.jpg,https://i.etsystatic.com/64439944/r/il/55bb56/7817620877/il_fullxfull.7817620877_jm16.jpg,https://i.etsystatic.com/64439944/r/il/00f3a5/7817620961/il_fullxfull.7817620961_5yz8.jpg,https://i.etsystatic.com/64439944/r/il/91a053/7769679964/il_fullxfull.7769679964_eorb.jpg,https://i.etsystatic.com/64439944/r/il/58e7a3/7817620933/il_fullxfull.7817620933_sg0b.jpg,https://i.etsystatic.com/64439944/r/il/2d4a0c/7817620873/il_fullxfull.7817620873_nj34.jpg,,,,,,,,TV-PD42
"Magnetic LED Night Light Cube: 4 Inch Acrylic Lamp, Rechargeable, Adjustable Brightness","DESCRIPTION:
Designed by the seller and carefully handcrafted by our skilled team, this magnetic flexible LED night light combines modern design with creative illumination in a compact 4-inch cube form.

Encased in a polished clear acrylic outer box with a sleek black base, this square lamp transforms light into a sculptural decor element. At its core is a magnetically attached flexible LED light strip that can be bent, curved, or shaped into unique forms. Whether styled into a soft arc for a calm bedside glow or arranged into playful shapes, it allows you to personalize the atmosphere of your space.

The warm yellow LED light creates a cozy and inviting ambiance suitable for bedrooms, desks, tents, or lounge settings. Adjustable brightness is controlled through a simple touch switch on the base, allowing you to shift from brighter illumination for reading to a softer tone for relaxation.

Powered through a rechargeable Type-C interface, this lamp offers convenient portability. Once charged, it can be placed anywhere without being restricted by constant plug-in use. Its compact 4-inch size makes it easy to move between rooms or take along for indoor camping setups and decorative table displays.

Specifications:
Size: 4""D x 4""W x 4""H
Weight: 5.6 ounces
Material: Acrylic
Finish: Polished
Light Source: LED
Light Color: Warm Yellow
Switch Type: Touch Control
Power Source: Battery Powered (Type-C Rechargeable)
Battery Life: Up to 8 hours
Installation: Tabletop / Desktop
Usage: Indoor

Care & Maintenance:
Wipe gently with a soft, dry cloth to maintain the acrylic’s clarity. Avoid abrasive cleaners or excessive moisture. This product is moisture resistant but not waterproof.

Shipping & Processing:
Processing time: 2–3 business days
Delivery time: 3–4 business days depending on location

Color Note:
Colors may slightly vary due to lighting conditions and screen display differences.

Handcrafted Note:
Each lamp is carefully assembled, and slight variations may occur, adding character to every piece.

Safety Note:
This item includes electrical components. Charge using a compatible Type-C cable and use indoors according to the instructions.

Returns & Support:
We offer a 30-day return policy. Our customer support team is available 24/7 to assist you with any questions.

MATERIALS:
Acrylic
LED Components
Internal Rechargeable Power Unit",105.99,USD,3,"magnetic_led_lamp,type_c_lamp,rechargeable__lamp,acrylic_night_lamp,cube_table_lamp,flexible_night_light,camping_table_lamp,creative_led_decor,portable_night_light,modern_desk_lamp,bedroom_decor_light,touch_control_lamp,ambient_mood_light","Internal Rechargeable Power Unit,LED Components,Acrylic",https://i.etsystatic.com/64439944/r/il/a9bbbd/7765580272/il_fullxfull.7765580272_syuy.jpg,https://i.etsystatic.com/64439944/r/il/27ac92/7813527359/il_fullxfull.7813527359_m5w3.jpg,https://i.etsystatic.com/64439944/r/il/c477e1/7765580270/il_fullxfull.7765580270_pvxm.jpg,https://i.etsystatic.com/64439944/r/il/2d0f54/7813527361/il_fullxfull.7813527361_qwfj.jpg,https://i.etsystatic.com/64439944/r/il/fabead/7765580268/il_fullxfull.7765580268_sj83.jpg,,,,,,,,,,,,TV-PD41
"3D Moon Lamp, 6 Inch LED Night Light, 128 Colors, Wooden Stand, Remote Control Decor","DESCRIPTION:
Designed by the seller and carefully handcrafted by our skilled team, this 6-inch 3D Moon Lamp brings the beauty of the lunar surface into your living space with refined detail and soft multicolor illumination.

Crafted using polylactic acid with precision surface texture inspired by astronomical moon data, this globe-shaped lamp creates a realistic lunar appearance. The upgraded design features 128 color options, allowing you to personalize the ambiance to suit bedrooms, living rooms, nurseries, or cozy corners. The wooden base provides a natural contrast, enhancing its warm decorative appeal.

The lamp includes both touch and remote control functionality. A gentle touch on the metal ring switches between 7 colors, while the remote allows full access to 128 colors, dimming control, and automatic color transition modes. The upgraded timer settings include 15 minutes, 30 minutes, 45 minutes, 1 hour, 2 hours, and 5 hours for convenient nighttime use.

Powered by a built-in 500mAh rechargeable battery, the lamp charges via Type-C USB for modern convenience. A full charge takes approximately 3 hours and provides 4 to 16 hours of use depending on brightness level. It can also operate while charging. Packaged in a protective gift-ready box, the set includes the moon lamp, wooden stand, USB charging cable, remote control, and user manual.

Specifications:
Size: 6 inches (6""D x 6""W x 6""H)
Weight: 6.4 ounces
Material: Polylactic Acid (PLA), Wood
Light Source: LED
Light Output: Up to 400 lumens
Color Options: 128 multicolor modes
Battery: 500mAh rechargeable lithium polymer (included)
Charging Interface: Type-C USB
Voltage: 5V DC
Installation: Tabletop with wooden stand
Usage: Indoor only

Care & Maintenance:
Clean gently with a soft, dry cloth. Avoid moisture and direct exposure to water as the product is not waterproof. Keep away from extreme heat and direct sunlight for extended periods to preserve material integrity.

Shipping & Processing:
Processing time: 2–3 business days
Delivery time: 3–4 business days depending on location

Color Note:
Colors may slightly vary due to lighting conditions and screen display differences.

Handcrafted Note:
Each lamp is carefully assembled and finished, and minor variations may occur, adding to its individual character.

Safety Note:
This product includes electrical components. Use only the provided charging cable and operate according to the user manual. Indoor use only.

Returns & Support:
We offer a 30-day return policy for your peace of mind. Our customer support team is available 24/7 to assist with any questions.

MATERIALS:
Polylactic Acid PLA
Wood
LED Components
Lithium Polymer Battery",89.99,USD,3,"remote_control_lamp,wooden_base_lamp,moon_light_decor,recharge_table_lamp,128_color_lamp,color_changing_lamp,3d_moon_lamp,kids_room_lamp,gift_for_kids,multicolor_led_lamp,space_themed_decor,teen_room_decor,bedroom_night_light","Lithium Polymer Battery,LED Components,PLA Wood,Polylactic Acid",https://i.etsystatic.com/64439944/r/il/e46fdf/7813508565/il_fullxfull.7813508565_h04r.jpg,https://i.etsystatic.com/64439944/r/il/f46345/7765561030/il_fullxfull.7765561030_t3hl.jpg,https://i.etsystatic.com/64439944/r/il/c8a083/7765561034/il_fullxfull.7765561034_17cv.jpg,https://i.etsystatic.com/64439944/r/il/56198d/7813508563/il_fullxfull.7813508563_sgwt.jpg,,,,,,,,,,,,,TV-PD40
"Modern Bedside Lamp with Qi Wireless Charger, Dimmable LED Nightstand Light","Description:
Designed by the seller and carefully handcrafted by our skilled team, this multifunctional bedside table lamp combines modern lighting with integrated wireless charging to enhance your bedroom, living room, or office setup.

Featuring a distressed finish with a metal base and metal shade, this compact lamp showcases a clean rectangular silhouette that complements contemporary interiors. Its minimalist profile makes it suitable for nightstands, desks, dorm rooms, or study areas while adding a soft and inviting glow to your space.

The built-in LED light source offers three step dimmable brightness levels—low, medium, and high—allowing you to adjust illumination according to your needs. Simply tap anywhere on the metal shade to control the light. With a maximum light output of 180 lumens and a warm white tone, it provides comfortable ambient lighting for reading, relaxing, or nighttime use.

Integrated into the base is a 5W Qi wireless charging function. Place a compatible smartphone on the charging area to power your device conveniently while keeping your tabletop organized. The lamp operates via corded electric power and includes an adapter for easy setup.

Specifications:
Dimensions: 8.97"" D x 3.74"" W x 8.85"" H
Base Diameter: 225 mm
Weight: 380 grams (13.4 oz)
Material: Metal Base and Metal Shade
Finish: Distressed
Color: White
Light Source: Integrated LED
Brightness Levels: 3 Step Dimming (Low / Medium / High)
Light Output: Up to 180 Lumens
Color Rendering Index: 80
Bulb Base: GU10
Wattage: 12W
Voltage: 12V
Wireless Charging: 5W Qi Compatible
Switch Type: Touch Control
Power Source: Corded Electric
Mounting Type: Tabletop
Indoor Use Only

Included Components:
Adapter
User Manual

Care & Maintenance:
Clean gently with a soft dry cloth. Avoid moisture and abrasive cleaners. Ensure the lamp is unplugged before cleaning.

Shipping & Processing:
Processing time: 2–3 business days
Delivery time: 3–4 business days depending on location

Color Note:
Colors may slightly vary due to lighting conditions and screen display differences.

Safety Note:
This product includes electrical components and a wireless charging feature. Use only with compatible devices and keep away from water or moisture. For indoor use only.

Returns & Support:
We offer a 30-day return policy for your peace of mind.
Our customer support team is available 24/7 to assist you with any questions.

Materials:
Metal
LED Components
Wireless Charging Module
Electrical Components",109.99,USD,3,"led_bedside_light,modern_desk_lamp,dimmable_night_lamp,touch_control__lamp,qi_wireless_lamp,lamp_with_charger,room_table_lamp,compact_night_light,phone_charging_lamp,3_step_dimmable_lamp,white_table_lamp,wireless_charge_lamp,minimalist_bed_lamp","Metal,Electrical Components,Wireless Charging Module,LED Components",https://i.etsystatic.com/64439944/r/il/fe8563/7811039901/il_fullxfull.7811039901_1u17.jpg,https://i.etsystatic.com/64439944/r/il/0832ca/7763093036/il_fullxfull.7763093036_7q9f.jpg,https://i.etsystatic.com/64439944/r/il/cc7a55/7763093026/il_fullxfull.7763093026_mbqt.jpg,https://i.etsystatic.com/64439944/r/il/bdb071/7811039903/il_fullxfull.7811039903_itj9.jpg,https://i.etsystatic.com/64439944/r/il/1323be/7811039929/il_fullxfull.7811039929_pt7i.jpg,https://i.etsystatic.com/64439944/r/il/07a638/7763093052/il_fullxfull.7763093052_k3a9.jpg,,,,,,,,,,,TV-PD39
"Modern Wood LED Table Lamp: Dimmable Bedside Night Light USB Powered","Description:
Designed by the seller and carefully handcrafted by our skilled team, this wooden square LED table lamp blends contemporary structure with warm ambient lighting to elevate bedrooms, living rooms, and office spaces.

The minimalist square silhouette features a painted finish with aluminum side detailing paired with a solid wood base, creating a balanced mix of modern and natural elements. Its clean geometric form makes it a refined decorative accent while maintaining functional lighting for everyday use.

This bedside lamp offers three color temperature options to suit different moments, including warm white and additional adjustable tones. The touch button control allows easy brightness adjustment with multiple dimming levels, helping you create the desired atmosphere from soft ambient glow to brighter task lighting. The integrated LED panel delivers up to 300 lumens with 5W power consumption, producing smooth and even illumination suitable for reading, relaxing, or decorative lighting.

Powered via USB with a 5V DC connection and a 1.5-meter cable, this compact tabletop lamp is convenient for desks, nightstands, shelves, or small spaces. The non-slip metal-supported base enhances stability while preserving its sleek profile.

Specifications:
Dimensions: 2.3"" D x 7.9"" W x 8.1"" H
Weight: 1 lb
Base Material: Wood
Frame Material: Aluminum and Metal
Finish: Painted
Light Source: Integrated LED
Wattage: 5W
Brightness: Up to 300 Lumens
Color Temperature: Three-color lighting (including 3000K warm white)
Switch Type: Touch Control with Adjustable Brightness
Power Source: USB (5V DC)
Cable Length: 1.5 meters
Mounting Type: Tabletop
Indoor Use

Care & Maintenance:
Wipe the wood and aluminum surfaces gently with a soft dry cloth. Avoid moisture exposure and abrasive cleaners. Disconnect from power before cleaning.

Shipping & Processing:
Processing time: 2–3 business days
Delivery time: 3–4 business days depending on location

Color Note:
Colors may slightly vary due to lighting conditions and screen display differences.

Handcrafted Note:
Due to the use of natural wood elements, slight variations in grain and tone may occur, making each lamp subtly unique.

Safety Note:
This product includes electrical components. Use only with a compatible 5V USB power source. Keep away from water and moisture.

Returns & Support:
We offer a 30-day return policy for your peace of mind.
Our customer support team is available 24/7 to assist you with any questions.

Materials:
Solid Wood
Aluminum
Metal
Integrated LED Components
USB Electrical Components",129.99,USD,3,"room_table_light,small_bedroom_lamp,usb_table_lamp,3_color_tem_lamp,dimmable_night_light,modern_desk_lamp,square_bedside_lamp,wood_table_lamp,wood_and_metal_lamp,ambient_bedside_lamp,compact_table_lamp,led_night_lamp,warm_white_desk_lamp","USB Electrical Components,Integrated LED Components,Metal,Aluminum,Solid Wood",https://i.etsystatic.com/64439944/r/il/e2f00d/7810928467/il_fullxfull.7810928467_8ej8.jpg,https://i.etsystatic.com/64439944/r/il/230891/7810928465/il_fullxfull.7810928465_gjgj.jpg,https://i.etsystatic.com/64439944/r/il/b39439/7810928537/il_fullxfull.7810928537_qziq.jpg,https://i.etsystatic.com/64439944/r/il/610488/7762980536/il_fullxfull.7762980536_5f2l.jpg,https://i.etsystatic.com/64439944/r/il/524ed6/7810928459/il_fullxfull.7810928459_3kbz.jpg,https://i.etsystatic.com/64439944/r/il/9a9580/7762980480/il_fullxfull.7762980480_4m5i.jpg,https://i.etsystatic.com/64439944/r/il/9553d6/7810928535/il_fullxfull.7810928535_9ryw.jpg,https://i.etsystatic.com/64439944/r/il/dea697/7762980486/il_fullxfull.7762980486_njy7.jpg,https://i.etsystatic.com/64439944/r/il/ee5bca/7810928469/il_fullxfull.7810928469_an1o.jpg,,,,,,,,TV-PD38
"Modern Wood Square LED Table Lamp: Stepless Dimmable Nightstand Light","Description:
Designed by the seller and carefully handcrafted by our skilled team, this modern wooden square LED table lamp combines refined structure with natural texture, making it a distinctive addition to bedrooms, living rooms, and study spaces.

The minimalist square frame features a painted gold matte aluminum body paired with a solid burlywood color wood base. This balanced contrast between metal and wood creates a contemporary yet organic aesthetic that complements a variety of interior styles. The aluminum lamp body supports effective heat dissipation, while the solid wood base adds visual warmth and stability.

Equipped with three selectable color temperatures, this bedside lamp allows you to adjust the atmosphere according to your needs. Choose 3000K warm white for a relaxed glow, 4500K natural white for reading or daily tasks, or 6000K cool white for focused work. A short touch changes the color temperature, while a long press smoothly adjusts brightness from 10% to 100%, offering precise lighting control. The built-in memory function restores your previous brightness and color setting after power interruption for added convenience.

Powered by a 10W integrated LED system with 100V–240V AC input and 24V DC output, this tabletop lamp delivers consistent illumination while maintaining energy efficiency. Suitable for indoor use, it functions beautifully as a nightstand lamp, desk light, or decorative accent.

Specifications:
Dimensions: 15"" D x 4.9"" W x 4.9"" H
Base Diameter: 3.9 inches
Weight: 1.8 pounds
Base Material: Solid Wood
Frame Material: Aluminum
Finish: Painted Gold Matte Frame with Original Wood Color Base
Light Source: Integrated LED
Wattage: 10W
Color Temperatures: 3000K / 4500K / 6000K
Dimming Range: 10%–100% Stepless
Switch Type: Touch Control
Power Source: Corded Electric
Input Voltage: 100V–240V AC
Output: 24V DC
Mounting Type: Tabletop
Indoor Use Only

Care & Maintenance:
Clean the wood base and aluminum frame gently with a soft dry cloth. Avoid abrasive cleaners or excessive moisture. Ensure the lamp is switched off and unplugged before cleaning.

Shipping & Processing:
Processing time: 2–3 business days
Delivery time: 3–4 business days depending on location

Color Note:
Colors may slightly vary due to lighting conditions and screen display differences.

Handcrafted Note:
As this lamp features natural wood, subtle variations in grain and tone may occur, enhancing the individuality of each piece.

Safety Note:
This product includes electrical components. Use only with compatible indoor voltage and keep away from water or moisture.

Returns & Support:
We offer a 30-day return policy for your peace of mind.
Our customer support team is available 24/7 to assist you with any questions.

Materials:
Solid Wood
Aluminum
Integrated LED Components
Electrical Components",89.99,USD,3,"wood_base_table_lamp,gold_frame_lamp,3_color_temp_lamp,dimmable_desk_lamp,modern_night_lamp,square_bedside_lamp,wooden_table_lamp,led_nightstand_lamp,study_desk_lighting,room_table_lamp,minimal_bedroom_lamp,table_lamp,wood_and_metal_lamp","Electrical Components,Integrated LED Components,Aluminum,Solid Wood",https://i.etsystatic.com/64439944/r/il/155dc2/7755743734/il_fullxfull.7755743734_mpn6.jpg,https://i.etsystatic.com/64439944/r/il/597c4c/7755743728/il_fullxfull.7755743728_3fsn.jpg,https://i.etsystatic.com/64439944/r/il/742f91/7803691279/il_fullxfull.7803691279_9zg2.jpg,https://i.etsystatic.com/64439944/r/il/565513/7755743730/il_fullxfull.7755743730_5d8k.jpg,https://i.etsystatic.com/64439944/r/il/96dba9/7803691281/il_fullxfull.7803691281_l4pj.jpg,https://i.etsystatic.com/64439944/r/il/786d0f/7803691283/il_fullxfull.7803691283_q7dg.jpg,,,,,,,,,,,TV-PD36
"Minimalist LED Table Lamp: Cordless, Rechargeable, Dark Gray Nightstand Light","Description:
Designed by the seller and carefully handcrafted by our skilled team, this mini cordless rechargeable LED table lamp introduces a playful minimalist aesthetic and soft ambient lighting to your home or workspace.

Featuring a matte dark gray finish, this compact lamp is crafted with a durable metal base and a clear polycarbonate shade. The transparent shell highlights the distinctive flexible magnetic filament made with 144 LED chips on a flexible circuit board, creating a visible and sculptural light feature. The filament can be gently shaped by movement, allowing you to create subtle variations in visual presentation and mood.

Emitting a warm 2700K glow with a maximum output of 55 lumens, this portable nightstand lamp provides soft ambient illumination suitable for bedside tables, desks, nurseries, or decorative shelves. Touch control allows convenient operation, and the dimmable function enables adjustable brightness to suit different environments.

Powered by a built-in 1500mAh lithium polymer battery, the lamp is fully cordless for flexible placement. A full charge takes approximately 3 hours using the included 5V/1A Type-C cable. Once charged, the lamp can be used for extended intermittent periods, making it suitable for various indoor settings. Its lightweight design at just 5.92 ounces makes it easy to reposition whenever needed.

Specifications:
Dimensions: 8.8"" D x 4.4"" W x 3.7"" H
Shade Height: 3 inches
Weight: 5.92 ounces
Base Material: Metal
Shade Material: Polycarbonate
Finish: Matte Dark Gray
Light Source: LED (144 LED chips)
Wattage: 0.9 Watt Hours
Light Output: Up to 55 Lumens
Color Temperature: 2700K Warm White
Color Rendering Index: 80
Battery: 1500mAh Lithium Polymer (Included)
Charging: 5V/1A Type-C
Charging Time: Approx. 3 Hours
Control Method: Touch
Power Source: Rechargeable Battery
Mounting Type: Tabletop
Indoor Use Only
Assembly Required: No

Included Components:
1 Cordless Table Lamp
1 USB Charging Cable
1 Cleaning Cloth
1 Lampshade

Care & Maintenance:
Wipe the exterior gently with a soft, dry cloth. Avoid exposure to moisture and do not use harsh cleaning agents. Ensure the lamp is powered off before cleaning.

Shipping & Processing:
Processing time: 2–3 business days
Delivery time: 3–4 business days depending on location

Color Note:
Colors may slightly vary due to lighting conditions and screen display differences.

Safety Note:
This product contains a rechargeable battery and electrical components. Use the included charging cable and compatible 5V power source. For indoor use only and keep away from water.

Returns & Support:
We offer a 30-day return policy for your peace of mind.
Our customer support team is available 24/7 to assist you with any questions.

Materials:
Metal
Polycarbonate
LED Components
Lithium Polymer Battery
Electronic Components",119.99,USD,3,"battery_powered_lamp,touch_control_lamp,dark_gray_lamp,minimal_table_lamp,portable_led_light,mini_nightstand_lamp,chargeable_desk_lamp,cordless_table_lamp,ambient_desk_lamp,warm_night_lamp,decorative_lamp,modern_bedside_light,compact_home_lamp","Electronic Components,Lithium Polymer Battery,LED Components,Polycarbonate,Metal",https://i.etsystatic.com/64439944/r/il/4bb5b0/7803671069/il_fullxfull.7803671069_8rc1.jpg,https://i.etsystatic.com/64439944/r/il/f07d17/7755723406/il_fullxfull.7755723406_s7yr.jpg,https://i.etsystatic.com/64439944/r/il/ae49b4/7755723408/il_fullxfull.7755723408_ebpn.jpg,https://i.etsystatic.com/64439944/r/il/63054e/7755723410/il_fullxfull.7755723410_f8sf.jpg,https://i.etsystatic.com/64439944/r/il/7528e6/7755723404/il_fullxfull.7755723404_duvn.jpg,,,,,,,,,,,,TV-PD36
"Beech Wood LED Night Light: Dimmable Warm Glow Bedside Lamp","Description:
Designed by the seller and carefully handcrafted by our skilled team, this compact wood LED night light table lamp brings natural warmth and soft illumination to bedrooms, nurseries, and living spaces.

Crafted from premium beech wood with a smooth matte finish, this small wooden lamp highlights the beauty of natural grain in a clean, rounded silhouette. Its minimalist square-inspired shape and compact size make it a subtle decorative accent during the day and a comforting light source at night. The white shade gently diffuses the glow, complementing both rustic and modern interiors.

Emitting a warm 3000K light, this dimmable bedside lamp creates a calm and cozy atmosphere suitable for nighttime routines, reading, or relaxed ambient lighting. The push button switch located on the USB power cable allows you to turn the lamp on or off and smoothly adjust brightness levels. A built-in memory function restores your last brightness setting for added convenience.

Powered by a 5V USB connection and designed for tabletop use, this lightweight and portable lamp is ideal for nightstands, shelves, desks, or children’s rooms. With a 3W LED light source producing up to 200 lumens, it offers gentle and efficient illumination for everyday indoor use.

Specifications:
Dimensions: 2.8"" D x 1.8"" W x 5.1"" H
Base Diameter: 6 cm
Weight: 6.4 ounces
Material: Beech Wood Base with Plastic Shade
Finish: Matte
Light Source: LED
Wattage: 3W
Brightness: Up to 200 Lumens
Color Temperature: 3000K Warm White
Voltage: 5V
Bulb Base: B15D
Switch Type: Push Button (on USB cable)
Power Source: USB Corded Electric
Mounting Type: Tabletop
Indoor Use Only
Assembly Required: No

Care & Maintenance:
Wipe the wood base and shade gently with a soft, dry cloth. Avoid exposure to moisture or harsh cleaning products. Ensure the lamp is unplugged before cleaning.

Shipping & Processing:
Processing time: 2–3 business days
Delivery time: 3–4 business days depending on location

Color Note:
Colors may slightly vary due to lighting conditions and screen display differences.

Handcrafted Note:
As this lamp features natural beech wood, subtle variations in grain and tone may occur, making each piece unique.

Safety Note:
This product includes electrical components and should be used with a compatible 5V USB power source. For indoor use only and keep away from water.

Returns & Support:
We offer a 30-day return policy for your peace of mind.
Our customer support team is available 24/7 to assist you with any questions.

Materials:
Beech Wood
Plastic
LED Components
USB Electrical Components",84.99,USD,3,"kids_bedside_lamp,nursery_night_light,3000k_warm_light,dimmable_night_lamp,usb_table_lamp,beech_wood_lamp,small_bedside_lamp,wood_night_light,small_bedroom_light,wood_home_decor_lamp,compact_desk_lamp,rustic_table_lamp,warm_ambient_lamp","Beech Wood,Plastic,LED Components,USB Electrical Components",https://i.etsystatic.com/64439944/r/il/40894c/7801069017/il_fullxfull.7801069017_sur8.jpg,https://i.etsystatic.com/64439944/r/il/beedba/7753121076/il_fullxfull.7753121076_csqu.jpg,https://i.etsystatic.com/64439944/r/il/a8a64d/7801068995/il_fullxfull.7801068995_4mfo.jpg,https://i.etsystatic.com/64439944/r/il/9188d1/7753121062/il_fullxfull.7753121062_t0xb.jpg,https://i.etsystatic.com/64439944/r/il/8c5170/7753121070/il_fullxfull.7753121070_aw8w.jpg,https://i.etsystatic.com/64439944/r/il/4f5f33/7801068997/il_fullxfull.7801068997_q48y.jpg,,,,,,,,,,,TV-PD35
"Modern Dual Frame LED Table Lamps (Set of 2), Black Gold, Stepless Dimmable Lights","Description:
Designed by the seller and carefully handcrafted by our skilled team, this modern LED table lamp set of two introduces sculptural elegance and adaptable lighting to your bedroom or living space.

Each lamp features a distinctive dual-frame rectangular design with a painted black outer frame and a refined gold inner frame. The swivel structure allows you to adjust the angle easily, creating dynamic lighting effects while complementing contemporary and minimalist interiors. Whether placed on nightstands, side tables, or consoles, the geometric silhouette adds depth and visual interest even when the lamps are not illuminated.

These lamps offer three selectable color temperatures: 3000K warm white, 4500K natural white, and 6000K cool white. The stepless dimming function allows brightness adjustment from 5% to 100% with smooth transitions using touch control. With a maximum output of 750 lumens and integrated 10W LED light sources, the lamps provide consistent illumination suitable for reading, relaxing, or everyday ambient lighting. The built-in memory function retains your last selected light setting for convenient daily use.

Crafted with a durable metal frame and PVC shade, this corded tabletop lamp set is designed for indoor use and delivers efficient lighting performance with a clean, modern aesthetic.

Specifications:
Set Includes: 2 Table Lamps
Dimensions (Each): 16"" D x 7"" W x 4.7"" H
Weight (Each): 2100 grams (4.63 lb)
Material: Metal Frame with PVC Shade
Finish: Painted
Color: Black and Gold
Light Source: Integrated LED
Wattage: 10W per lamp
Brightness: Up to 750 Lumens
Color Temperatures: 3000K / 4500K / 6000K
Dimming Range: 5%–100% Stepless
Switch Type: Touch Control
Voltage: 120V
Power Source: Corded Electric
Mounting Type: Tabletop
Indoor Use Only

Care & Maintenance:
Clean gently with a soft, dry cloth to maintain the painted finish. Avoid abrasive cleaners or moisture exposure. Ensure the lamp is switched off and unplugged before cleaning.

Shipping & Processing:
Processing time: 2–3 business days
Delivery time: 3–4 business days depending on location

Color Note:
Colors may slightly vary due to lighting conditions and screen display differences.

Handcrafted Note:
Each lamp is carefully assembled and finished, resulting in subtle variations that enhance its individual character.

Safety Note:
This product contains electrical components. Use only with standard 120V indoor outlets and keep away from water or moisture.

Returns & Support:
We offer a 30-day return policy for your peace of mind.
Our customer support team is available 24/7 to assist you with any questions.

Materials:
Metal
PVC
Integrated LED Components
Electrical Components",169.99,USD,3,"set_of_table_lamp,nightstand_lamp_set,3_color_temp_lamp,dimmable_room_lamps,dual_frame_lamp,set_black_gold_lamp,modern_table_lamp,room_accent_lamp,bedroom_lighting_set,touch_control_lamp,minimalist_desk_lamp,geometric_table_lamp,led_nightstand_lamp","Metal,PVC,Integrated LED Components,Electrical Components",https://i.etsystatic.com/64439944/r/il/f83b54/7753089132/il_fullxfull.7753089132_p5s6.jpg,https://i.etsystatic.com/64439944/r/il/baaa21/7801037471/il_fullxfull.7801037471_saiw.jpg,https://i.etsystatic.com/64439944/r/il/39f8ad/7753089140/il_fullxfull.7753089140_i3ia.jpg,https://i.etsystatic.com/64439944/r/il/7e611e/7801037473/il_fullxfull.7801037473_ceod.jpg,https://i.etsystatic.com/64439944/r/il/79f0df/7753089136/il_fullxfull.7753089136_if6c.jpg,https://i.etsystatic.com/64439944/r/il/1840e0/7753089138/il_fullxfull.7753089138_j8jh.jpg,,,,,,,,,,,TV-PD34
"Modern White Circle LED Table Lamp: Stepless Dimming, 3 Color Temperatures","Description:
Designed by the seller and carefully handcrafted by our skilled team, this modern white circle LED table lamp brings a refined contemporary presence to your bedroom, living room, or office.

Featuring a polished aluminum base and a sleek concentric circular design, this tabletop lamp serves as both a lighting solution and a decorative accent. Its sculptural form creates a striking visual effect whether illuminated or not, complementing modern interiors with clean lines and balanced proportions.

This LED table lamp offers three color temperature options including warm white, soft white, and daylight white (2700K, 4000K, 5000K). The stepless dimming function allows smooth brightness adjustment without abrupt transitions, making it easy to create the right atmosphere for reading, relaxing, dining, or everyday use. A convenient memory feature retains your previous lighting setting for added ease.

Built with a 12-watt integrated LED light source delivering up to 900 lumens, this lamp provides consistent illumination while maintaining energy efficiency. The touch control switch ensures simple operation, and the corded electric design allows reliable indoor tabletop use.

Specifications:
Dimensions: 7.5"" D x 7.5"" W x 15.8"" H
Material: Aluminum with metal shade
Finish: Polished
Color: White
Shade Color: Black
Light Source: Integrated LED
Wattage: 12 Watts
Brightness: Up to 900 Lumens
Color Temperatures: 2700K, 4000K, 5000K
Voltage: 120V AC
Switch Type: Touch Control
Power Source: Corded Electric
Mounting Type: Tabletop / Portable
Indoor Use Only

Care & Maintenance:
Wipe gently with a soft, dry cloth to maintain the polished finish. Avoid abrasive cleaners or harsh chemicals. Ensure the lamp is switched off and unplugged before cleaning.

Shipping & Processing:
Processing time: 2–3 business days
Delivery time: 3–4 business days depending on location

Color Note:
Colors may slightly vary due to lighting conditions and screen display differences.

Handcrafted Note:
Each piece is carefully assembled and finished, reflecting attention to detail in both structure and design.

Safety Note:
This lamp includes electrical components. Use only with compatible voltage (120V AC). Keep away from water and moisture. For indoor use only.

Returns & Support:
We offer a 30-day return policy for your peace of mind.
Our customer support team is available 24/7 to assist you with any questions.

Materials:
Aluminum
Metal
Integrated LED Components",149.99,USD,3,"minimal_bedroom_lamp,aluminum_table_lamp,contemporary__lamp,touch_control_lamp,3_color_temp_lamp,dimmable_night_lamp,circle_led_lamp,white_bedside_lamp,modern_table_lamp,office_table_lamp,room_accent_lamp,sleek_circle_lamp,modern_home_lighting","Aluminum,Metal,Integrated LED Components",https://i.etsystatic.com/64439944/r/il/f8508c/7753065118/il_fullxfull.7753065118_bilo.jpg,https://i.etsystatic.com/64439944/r/il/48b964/7753065126/il_fullxfull.7753065126_kqld.jpg,https://i.etsystatic.com/64439944/r/il/c7ebd8/7801013373/il_fullxfull.7801013373_s41y.jpg,https://i.etsystatic.com/64439944/r/il/9c1fc0/7753065122/il_fullxfull.7753065122_5tmk.jpg,https://i.etsystatic.com/64439944/r/il/fe448b/7753065124/il_fullxfull.7753065124_tjs9.jpg,https://i.etsystatic.com/64439944/r/il/8df72c/7801013399/il_fullxfull.7801013399_s1z8.jpg,https://i.etsystatic.com/64439944/r/il/eacc98/7753065130/il_fullxfull.7753065130_qhje.jpg,https://i.etsystatic.com/64439944/r/il/193d42/7801013397/il_fullxfull.7801013397_b094.jpg,,,,,,,,,TV-PD33
"Small Wood Table Lamp with Linen Shade – Modern Nightstand Light","Description:
Designed by the seller and carefully handcrafted by our skilled team, this small wood bedside table lamp blends natural materials with a clean modern profile to complement bedrooms, living rooms, and office spaces.

Standing 14.2 inches tall, this compact table lamp features a geometric solid wood base with a natural grain finish that highlights its organic character. The beige linen lampshade gently diffuses light, creating soft and even illumination suitable for reading, relaxing, or adding ambient light to your space. Its balanced proportions make it ideal for nightstands, desks, hallway consoles, or small corners that need subtle lighting.

The lamp is equipped with a standard E26 base, compatible with a variety of LED, CFL, and incandescent bulbs, allowing flexibility in brightness and light tone selection. The push button switch provides simple everyday operation, while the clear power cord maintains a neat appearance on your tabletop. Assembly is straightforward and can be completed in just a few minutes.

Specifications:
Dimensions: 7.9"" D x 7.9"" W x 14.2"" H
Weight: 0.7 kg (1.54 lb)
Base Material: Solid Wood
Shade Material: Linen
Shade Color: Beige
Finish: Unfinished
Bulb Base: E26 (Bulb Not Included)
Light Output: Up to 600 Lumens (depending on bulb used)
Switch Type: Push Button
Power Source: Corded Electric
Mounting Type: Tabletop
Indoor Use Only
Assembly Required

Care & Maintenance:
Dust the wood base and linen shade regularly with a soft dry cloth. Avoid moisture exposure and harsh cleaning agents to preserve the natural wood finish and fabric texture. Ensure the lamp is turned off and unplugged before cleaning.

Shipping & Processing:
Processing time: 2–3 business days
Delivery time: 3–4 business days depending on location

Color Note:
Colors may slightly vary due to lighting conditions and screen display differences.

Handmade Note:
Due to the natural wood grain and handcrafted finishing process, subtle variations in texture and tone may occur, making each piece unique.

Safety Note:
This product includes electrical components. Use only compatible E26 bulbs and keep away from water or moisture. For indoor use only.

Returns & Support:
We offer a 30-day return policy for your peace of mind.
Our customer support team is available 24/7 to assist you with any questions.

Materials:
Solid Wood
Linen Fabric
Metal Hardware
Electrical Components",114.99,USD,3,"beige_bedroom_lamp,compact_desk_lamp,14_inch_table_lamp,modern_night_lamp,linen_shade_lamp,wood_bedside_lamp,small_table_lamp,natural_wood_lamp,e26_base_lamp,office_desk_lighting,room_accent_lamp,cute_bedside_lamp,wood_base_lamp","Electrical Components,Solid Wood,Linen Fabric,Metal Hardware",https://i.etsystatic.com/64439944/r/il/f7b7ae/7753045376/il_fullxfull.7753045376_1sse.jpg,https://i.etsystatic.com/64439944/r/il/b36689/7800993389/il_fullxfull.7800993389_1gqd.jpg,https://i.etsystatic.com/64439944/r/il/62cf9b/7800993359/il_fullxfull.7800993359_mplk.jpg,https://i.etsystatic.com/64439944/r/il/852108/7800993363/il_fullxfull.7800993363_ik6b.jpg,https://i.etsystatic.com/64439944/r/il/60e79a/7800993357/il_fullxfull.7800993357_g2j6.jpg,https://i.etsystatic.com/64439944/r/il/3bbf8f/7753045378/il_fullxfull.7753045378_6k2p.jpg,https://i.etsystatic.com/64439944/r/il/0b2ad4/7800993361/il_fullxfull.7800993361_dq7i.jpg,https://i.etsystatic.com/64439944/r/il/ec6bae/7800993397/il_fullxfull.7800993397_f0te.jpg,,,,,,,,,TV-PD32
"Modern Wood LED Desk Lamp, Minimalist Ellipse Bedside Night Light, USB Table Lamp","Description:
Designed by the seller and carefully handcrafted by our skilled team, this modern wood LED desk lamp blends minimalist design with functional lighting for everyday interiors.

Featuring a sleek ellipse-shaped shade framed with aluminum edges and a solid natural beech wood base, this bedside lamp delivers a refined contemporary look. The warm white glow enhances bedrooms, living rooms, dining areas, kids’ rooms, and workspaces with a soft and inviting atmosphere.

Equipped with a built-in 5W LED panel, the lamp provides up to 300 lumens of illumination with a 3000K warm white tone. It offers three selectable color temperatures and five adjustable brightness levels, allowing you to customize the lighting according to reading, working, or relaxing needs. The streamlined light-diffusing panel helps distribute illumination evenly for comfortable daily use.

The stable skid-proof wooden base keeps the lamp securely positioned on desks, nightstands, and tables. Powered via USB with a 5V input and a 1.5-meter cable, it allows convenient placement across various indoor settings. No assembly is required.

Specifications:
Dimensions: 6.3"" D x 3.9"" W x 12.5"" H
Base Diameter: 10 cm
Weight: 0.4 kg (approx. 14.1 oz)
Base Material: Natural Beech Wood
Shade Material: Plastic with Aluminum Frame
Finish: Painted
Light Source: Integrated LED (SMD 2835)
Wattage: 5W
Maximum Light Output: 300 Lumens
Color Temperature: 3000K Warm White
CRI: 85
Brightness Levels: 5
Color Modes: 3
Switch Type: Push Button / Touch Control
Power Source: USB (5V)
Mounting Type: Tabletop
Indoor Use Only
Assembly Required: No

Care & Maintenance:
Wipe the wood base and shade gently with a soft, dry cloth. Avoid water exposure and harsh cleaning products. Suitable for indoor dry environments only.

Shipping & Processing:
Processing time: 2–3 business days
Delivery time: 3–4 business days depending on location

Color Note:
Colors may slightly vary due to lighting conditions and screen display differences.

Safety Note:
For indoor use only. Operate with the included USB power connection and avoid exposure to moisture or damp areas.

Returns & Support:
We offer a 30-day return policy for your peace of mind.
Our customer support team is available 24/7 to assist with any questions.

Materials:
Natural Beech Wood
Aluminum
Plastic
Integrated LED Components
USB Power Cable",109.99,USD,3,"minimal_table_lamp,usb_power_desk_lamp,dimmable_night_lamp,ellipse_table_lamp,led_bedside_light,modern__desk_lamp,compact_office_lamp,wood_base_led_lamp,warm_white_desk_lamp,bedroom_night_light,modern_bedside_decor,study_desk_lighting,small_led_table_lamp","USB Power Cable,Natural Beech Wood,Integrated LED Component,Aluminum,Plastic",https://i.etsystatic.com/64439944/r/il/8ccfa0/7753011052/il_fullxfull.7753011052_ojtn.jpg,https://i.etsystatic.com/64439944/r/il/cbccbf/7800959283/il_fullxfull.7800959283_hpwi.jpg,https://i.etsystatic.com/64439944/r/il/d19174/7800959287/il_fullxfull.7800959287_9j5m.jpg,https://i.etsystatic.com/64439944/r/il/49bc2a/7800959291/il_fullxfull.7800959291_7fi1.jpg,https://i.etsystatic.com/64439944/r/il/d55cf3/7753011056/il_fullxfull.7753011056_mldo.jpg,https://i.etsystatic.com/64439944/r/il/32a9d1/7753011050/il_fullxfull.7753011050_60vr.jpg,,,,,,,,,,,TV-PD31
"Black Metal Floor Lamp, Beige Linen Shade, Adjustable Color Temperatures","Product Description:
Designed by the seller and carefully assembled by our production team, this industrial-style floor lamp combines modern simplicity with functional lighting for everyday living spaces.

Featuring a slim black metal frame and a soft beige linen lampshade, this tall standing lamp delivers balanced downward lighting suitable for reading, relaxing, or ambient illumination. The neutral color combination blends easily with modern, minimalist, farmhouse, or industrial-inspired interiors.

The included 9W LED bulb offers three adjustable color temperatures, allowing you to customize the atmosphere to your preference — warm, neutral, or cool light settings. The soft warm white (3000K) setting creates a calm and comfortable environment ideal for bedrooms and evening use.

A convenient foot pedal switch allows hands-free on/off control, eliminating the need to bend down. The sturdy round base provides stability, while the compact footprint makes it suitable for placement beside sofas, armchairs, desks, or beds.

This version includes one beige linen lampshade and one LED bulb. Assembly is required, and instructions are included.

Suitable for living rooms, bedrooms, reading corners, and home offices.

Specifications:
Material: Metal Base, Linen Shade
Color: Black Frame with Beige Shade
Style: Industrial / Modern
Finish Type: Painted

Overall Dimensions: 11.02 inches D x 11.02 inches W x 61.22 inches H
Base Diameter: 9.84 inches
Shade Height: 8.86 inches
Item Weight: Approximately 9.75 lbs

Bulb Base: E26
Included Bulb: 9W LED
Maximum Compatible Wattage: 60W
Brightness: Up to 800 lumens
Color Temperature: 3000K (Warm White) + Multi-Temperature Options
Voltage: 120V
Power Source: Corded Electric
Switch Type: Foot Pedal
Lighting Direction: Downlight
Installation Type: Freestanding
Indoor Use Only
Assembly Required: Yes

Included Components:
• 1 Floor Lamp Base
• 1 Beige Linen Lampshade
• 1 LED Bulb

Care & Maintenance:
Wipe the metal base with a soft dry cloth. Clean the linen shade gently using a lint roller or dry cloth. Avoid moisture and harsh cleaning chemicals.

Shipping & Processing:
Processing time: 2–3 business days
Estimated delivery: 3–5 business days depending on destination

Color Note:
Actual color may vary slightly due to lighting conditions and screen settings.

Safety Note:
For indoor use only. Keep away from water and high humidity. Ensure proper bulb wattage compatibility when replacing bulbs.

Returns & Support:
30-day return policy.
Customer support is available to assist with any product-related questions.

Materials:
Metal
Linen Fabric
LED Bulb
Electrical Components",109.99,USD,2,"modern_reading_lamp,beige_shade_lamp,black_standing_lamp,floor_lamp,LED_standing_light,bedroom_corner_lamp,room_tall_lamp,modern_office__lamp,freestanding__lamp,home_decor,minimal_floor_lamp,Tall_floor_lamps,energy_saving_lamp","Electrical Components,LED Bulb,Linen Fabric,Metal",https://i.etsystatic.com/64439944/r/il/37bf43/7770727771/il_fullxfull.7770727771_b99e.jpg,https://i.etsystatic.com/64439944/r/il/8a9247/7722781308/il_fullxfull.7722781308_nekk.jpg,https://i.etsystatic.com/64439944/r/il/45f885/7770727805/il_fullxfull.7770727805_coml.jpg,https://i.etsystatic.com/64439944/r/il/ad0361/7722781288/il_fullxfull.7722781288_khcq.jpg,https://i.etsystatic.com/64439944/r/il/e2114b/7770727775/il_fullxfull.7770727775_cp5f.jpg,https://i.etsystatic.com/64439944/r/il/f48956/7770727769/il_fullxfull.7770727769_s4gd.jpg,https://i.etsystatic.com/64439944/r/il/57bb5f/7770727773/il_fullxfull.7770727773_b7lz.jpg,,,,,,,,,,TV-PD012
"Oval LED Table Lamp, Wood Base, 3 Color Temperatures, Touch Dimming","Description:
Designed by the seller and carefully handcrafted by our skilled team, this modern oval LED table lamp blends geometric elegance with functional lighting for contemporary interiors.

Featuring a polished metal frame paired with a glossy white acrylic shade and a natural wood base, this bedside lamp offers a balanced mix of warmth and modern structure. The smooth oval silhouette adds a refined decorative element while delivering practical illumination for bedrooms, living rooms, study areas, entryways, kids’ rooms, and office desks.

The built-in 7W LED light source provides up to 550 lumens and features a 360-degree lighting design for even, shadow-free illumination. With three selectable color temperatures—3000K warm light, 4500K natural light, and 6000K cool white—you can easily adjust the atmosphere to suit reading, working, or relaxing. Long press the touch control switch for seamless 0–100% brightness adjustment, while the integrated memory function restores your last selected setting after power interruption.

Its compact 11.8-inch height and 5.1-inch base diameter make it ideal for nightstands and desktops where space efficiency matters. The sturdy structure ensures stable placement without tipping, and no assembly is required.

Specifications:
Dimensions: 5.1"" D x 5.1"" W x 11.8"" H
Base Diameter: 5.1 inches
Weight: 1.39 pounds
Base Material: Wood
Shade Material: Acrylic
Frame Finish: Polished Metal
Shade Finish: Glossy White
Light Source: Integrated LED
Wattage: 7W
Maximum Light Output: 550 Lumens
Color Temperatures: 3000K / 4500K / 6000K
Switch Type: Touch Control
Power Source: Corded Electric
Mounting Type: Tabletop
Indoor Use Only
Assembly Required: No

Care & Maintenance:
Clean the acrylic shade and metal frame with a soft, dry cloth. Avoid abrasive cleaners and moisture exposure. Suitable for indoor dry environments only.

Shipping & Processing:
Processing time: 2–3 business days
Delivery time: 3–4 business days depending on location

Color Note:
Colors may slightly vary due to lighting conditions and screen display differences.

Safety Note:
For indoor use only. Operate using the integrated LED system and ensure connection to an appropriate power source. Keep away from water and damp areas.

Returns & Support:
We offer a 30-day return policy for your peace of mind.
Our customer support team is available 24/7 to assist with any questions.

Materials:
Wood
Acrylic
Metal Frame
Integrated LED Components
Electrical Cord",109.99,USD,3,"wood_base_table_lamp,table_lighting_lamp,dimmable_night_lamp,3_color_temp_lamp,touch_control_lamp,led_bedside_lamp,modern_oval__lamp,compact_office_lamp,bedroom_reading_lamp,acrylic_shade_lamp,study_desk_lamp,small_bedside_lamp,natural_wood_lamp","Electrical Cord,Integrated LED Components,Wood,Metal Frame,Acrylic",https://i.etsystatic.com/64439944/r/il/49c637/7797576615/il_fullxfull.7797576615_9pt0.jpg,https://i.etsystatic.com/64439944/r/il/667f63/7749624194/il_fullxfull.7749624194_7kwf.jpg,https://i.etsystatic.com/64439944/r/il/41dca3/7749624182/il_fullxfull.7749624182_es2s.jpg,https://i.etsystatic.com/64439944/r/il/622c12/7749624180/il_fullxfull.7749624180_pnvd.jpg,https://i.etsystatic.com/64439944/r/il/d08b1e/7797576603/il_fullxfull.7797576603_gjo4.jpg,https://i.etsystatic.com/64439944/r/il/eb40fd/7749624184/il_fullxfull.7749624184_n2o0.jpg,https://i.etsystatic.com/64439944/r/il/dae98b/7749624186/il_fullxfull.7749624186_1cvt.jpg,,,,,,,,,,TV-PD30
"Small Wood Tripod Table Lamp, Minimalist Boho Bedside Nightstand Light","Description:
Designed by the seller and carefully handcrafted by our skilled team, this small wood tripod table lamp brings natural texture and minimalist charm to your interior space.

Featuring a natural wood grain tripod base paired with a white fabric shade, this bedside lamp delivers a clean and balanced silhouette that complements modern, mid-century, boho, and minimalist décor styles. Its soft warm white illumination creates a cozy atmosphere suitable for bedrooms, living rooms, nurseries, kids’ rooms, offices, and dorm spaces.

Compact and lightweight at just 16 ounces, this lamp is easy to move and reposition wherever extra lighting is needed. The 5.1 ft power cord provides flexibility in placement, while the push button switch on the cord allows simple and convenient operation.

Assembly is straightforward and takes only a few steps—secure the tripod base, attach the shade, and insert your preferred bulb. The E26 socket supports LED, incandescent, CFL, or halogen bulbs up to 60W (bulb not included).

Specifications:
Overall Dimensions: 7.3"" D x 7.3"" W x 15.6"" H
Shade Height: 5.75 inches
Weight: 16 ounces (approx. 1 lb)
Base Material: Natural Wood
Shade Material: White Fabric
Finish: Wood
Bulb Base: E26
Compatible Bulbs: LED, Incandescent, CFL, Halogen (A19)
Maximum Wattage: 60W
Maximum Light Output: 800 Lumens (depending on bulb used)
Voltage: 120V
Switch Type: Push Button (On Cord)
Power Source: Corded Electric
Mounting Type: Tabletop
Indoor Use Only
Assembly Required: Yes

Care & Maintenance:
Wipe the wooden base with a soft dry cloth. Gently dust the fabric shade to maintain its texture and appearance. Avoid moisture and harsh cleaners.

Shipping & Processing:
Processing time: 2–3 business days
Delivery time: 3–4 business days depending on location

Color Note:
Colors may slightly vary due to lighting conditions and screen display differences.

Safety Note:
Use only compatible E26 bulbs within the recommended wattage. Place on a stable surface and keep away from water or damp environments.

Returns & Support:
We offer a 30-day return policy for your peace of mind.
Our customer support team is available 24/7 to assist with any questions.

Materials:
Natural Wood
Fabric
Metal Socket
Electrical Cord",109.99,USD,3,"kids_room_lighting,nursery_table_lamp,minimalist_desk_lamp,white_shade_lamp,boho_night_lamp,bedside_table_lamp,wood_tripod_lamp,bedroom_reading_lamp,lightweight__lamp,e26_table_lamp,compact_night_lamp,modern_wood_lamp,small_space_lighting","Electrical Cord,Metal Socket,Fabric,Natural Wood",https://i.etsystatic.com/64439944/r/il/50ba6f/7749592950/il_fullxfull.7749592950_a2j4.jpg,https://i.etsystatic.com/64439944/r/il/fd83c4/7797545903/il_fullxfull.7797545903_a2v0.jpg,https://i.etsystatic.com/64439944/r/il/8f93cb/7797545905/il_fullxfull.7797545905_lym9.jpg,https://i.etsystatic.com/64439944/r/il/dc9d9e/7749592958/il_fullxfull.7749592958_pyo0.jpg,https://i.etsystatic.com/64439944/r/il/513ae0/7749592974/il_fullxfull.7749592974_bksg.jpg,https://i.etsystatic.com/64439944/r/il/d9209e/7797545901/il_fullxfull.7797545901_ehn6.jpg,https://i.etsystatic.com/64439944/r/il/e319f0/7797545907/il_fullxfull.7797545907_khg6.jpg,,,,,,,,,,TV-PD29
"Boho Farmhouse Table Lamp, Wood Grain Metal Base, Beige Linen Shade, 21.85 Inch","Description:
Designed by the seller and carefully handcrafted by our skilled team, this boho farmhouse table lamp blends natural texture with durable structure to create a warm and inviting interior accent.

Standing 21.85 inches tall, this bedside lamp features a trapezoidal full-metal base finished in water transfer red wood grain, offering the look of natural mahogany-style wood with the strength of metal construction. The structured base provides reliable stability, making it suitable for bedside tables, desks, sofa tables, and study areas.

The beige linen shade softens and diffuses light gently, creating a comfortable warm white glow for reading, studying, working, or relaxing in the evening. Its balanced combination of rustic texture and modern form allows it to complement living rooms, bedrooms, entryways, loft spaces, and home offices.

Installation is simple and tool-free. Attach the shade, insert your preferred bulb, and place it wherever additional lighting is needed. The 64.96-inch cord allows flexible placement across various interior layouts.

Specifications:
Overall Height: 21.85 inches
Product Dimensions: 14.17"" D x 13.19"" W x 7.48"" H
Shade Height: 9.06 inches
Base Diameter: 5.12 inches
Weight: 4 pounds
Base Material: Metal with water transfer wood grain finish
Shade Material: Linen
Color: Mahogany tone base with beige shade
Bulb Base: E26 Medium
Compatible Bulbs: Max 12W LED or 60W Incandescent (A19 shape)
Voltage: 120V
Switch Type: Inline ON/OFF Switch
Power Source: Corded Electric
Mounting Type: Tabletop
Indoor Use Only

Care & Maintenance:
Dust the metal base and linen shade gently with a soft dry cloth. Avoid moisture and abrasive cleaners to preserve the finish and fabric texture.

Shipping & Processing:
Processing time: 2–3 business days
Delivery time: 3–4 business days depending on location

Color Note:
Colors may slightly vary due to lighting conditions and screen display differences.

Safety Note:
Use only compatible E26 bulbs within the recommended wattage. Place on a stable surface and keep away from water or damp areas.

Returns & Support:
We offer a 30-day return policy for your peace of mind.
Our customer support team is available 24/7 to assist with any questions.

Materials:
Metal
Water Transfer Wood Grain Finish
Linen Fabric
Metal Socket
Electrical Cord",99.99,USD,3,"beige_linen_lamp,bedside_lighting,boho_table_lamp,house_bedside_lamp,wood_grain_base_lamp,linen_shade_lamp,rustic_night_lamp,mahogany_style_lamp,room_table_lamp,natural_style_lamp,office_lighting,21_inch_table_lamp,modern_rustic_decor","Electrical Cord,Metal Socket,Linen Fabric,Metal,Water Transfer Wood Grain Finish",https://i.etsystatic.com/64439944/r/il/f58c3b/7749565494/il_fullxfull.7749565494_kdfc.jpg,https://i.etsystatic.com/64439944/r/il/069799/7749565454/il_fullxfull.7749565454_b2tz.jpg,https://i.etsystatic.com/64439944/r/il/92b233/7749565470/il_fullxfull.7749565470_gpxc.jpg,https://i.etsystatic.com/64439944/r/il/4a966e/7749565458/il_fullxfull.7749565458_l94s.jpg,https://i.etsystatic.com/64439944/r/il/bce2fa/7749565496/il_fullxfull.7749565496_k2ea.jpg,,,,,,,,,,,,TV-PD28
"Modern Spiral LED Table Lamp: Black, Stepless Dimmable Bedside Light","Description:
Designed by the seller and carefully handcrafted by our skilled team, this modern spiral table lamp brings sculptural elegance and functional lighting into your living space.

Featuring a sleek black finish and contemporary spiral silhouette, this LED table lamp serves as both a decorative accent and a practical bedside light. Its artistic curved structure enhances bedrooms, living rooms, and home offices with clean modern styling while delivering a soft warm white glow at 3200K.

The integrated 12W LED light source provides up to 1000 lumens of brightness and features stepless dimming control, allowing smooth adjustment to suit reading, relaxing, or ambient lighting needs. The streamlined illumination is flicker-free and evenly distributed, creating a comfortable indoor lighting environment. With a Color Rendering Index (CRI) of 85, it offers balanced light clarity for everyday use.

Constructed from aluminum with a durable black metal finish, the lamp includes a stable anti-slip base for secure tabletop placement. The built-in LED design eliminates the need for bulb replacement and offers an average lifespan of up to 50,000 hours. No assembly is required—simply plug in and use.

Specifications:
Dimensions: 5.1"" D x 5.1"" W x 16.1"" H
Weight: 0.92 kg (approx. 2.03 lbs)
Material: Aluminum and Metal
Finish: Black
Light Source: Integrated LED
Wattage: 12W
Maximum Light Output: 1000 Lumens
Color Temperature: 3200K Warm White
CRI: 85
Switch Type: Stepless Dimming (Touch Control)
Voltage: 110V AC
Power Source: Corded Electric
Mounting Type: Tabletop / Freestanding
Indoor Use Only
Assembly Required: No

Care & Maintenance:
Clean with a soft, dry cloth. Avoid water exposure and harsh cleaning agents. Suitable for indoor dry environments only.

Shipping & Processing:
Processing time: 2–3 business days
Delivery time: 3–4 business days depending on location

Color Note:
Colors may slightly vary due to lighting conditions and screen display differences.

Safety Note:
For indoor use only. Operate with the integrated LED system and appropriate voltage supply. Keep away from water or damp areas.

Returns & Support:
We offer a 30-day return policy for your peace of mind.
Our customer support team is available 24/7 to assist with any questions.

Materials:
Aluminum
Metal
Integrated LED Components
Electrical Cord",134.99,USD,3,"led_reading_lamp,modern_table_lamp,spiral_bedroom_lamp,night_lamp,warm_white_desk_lamp,dimmable_room_lamp,led_table_lamp,black_modern_lamp,12w_led_night_lamp,office_desk_lamp,minimal_decor_lamp,touch_control_lamp,compact_bedside_lamp","Integrated LED Components,Metal,Aluminum,Electrical Cord",https://i.etsystatic.com/64439944/r/il/6426aa/7793993855/il_fullxfull.7793993855_j31w.jpg,https://i.etsystatic.com/64439944/r/il/f68f0e/7793993857/il_fullxfull.7793993857_n63t.jpg,https://i.etsystatic.com/64439944/r/il/8e22a3/7793993803/il_fullxfull.7793993803_bzuy.jpg,https://i.etsystatic.com/64439944/r/il/87a365/7793993837/il_fullxfull.7793993837_kpli.jpg,https://i.etsystatic.com/64439944/r/il/b20752/7793993811/il_fullxfull.7793993811_pxxt.jpg,https://i.etsystatic.com/64439944/r/il/0e3bc2/7746037902/il_fullxfull.7746037902_d3hb.jpg,https://i.etsystatic.com/64439944/r/il/f5a516/7746037916/il_fullxfull.7746037916_9i7g.jpg,https://i.etsystatic.com/64439944/r/il/71a7ab/7746037924/il_fullxfull.7746037924_kf1x.jpg,https://i.etsystatic.com/64439944/r/il/3de629/7793993875/il_fullxfull.7793993875_cmdw.jpg,,,,,,,,TV-PD27
"Modern Spiral LED Table Lamp, Dimmable Bedside Light, Silver Aluminum Desk Lamp","Description:

Designed by the seller and carefully handcrafted by our skilled team, this spiral LED table lamp combines sculptural design with practical indoor lighting.

Featuring a sleek silver spiral form with an iron finish and aluminum structure, this modern bedside lamp adds a refined accent to bedrooms, living rooms, offices, dining areas, study rooms, and desks. Its contemporary silhouette functions as both a lighting piece and a decorative element, enhancing tabletops, nightstands, and countertops with clean architectural lines.

The integrated 10W LED light offers three selectable color modes: warm light, natural light, and white light, with a color temperature range of 3000K to 6500K. Brightness is fully adjustable through the built-in dimmer switch, allowing you to tailor the illumination for reading, studying, relaxing, or ambient lighting. The lamp provides up to 500 lumens with a CRI of 85 for balanced indoor lighting performance.

Engineered for indoor use, the lamp operates at 110V AC with a 12V output design and features memory function and night light mode for added convenience. Its compact footprint makes it suitable for smaller spaces while maintaining visual presence. No assembly is required.

Specifications:
Dimensions: 5.1"" W x 5.1"" D x 15.7"" H
Weight: 1.5 pounds
Material: Aluminum body with iron finish
Color: Silver
Light Source: Built-in LED
Wattage: 10W (Maximum compatible wattage 12W)
Light Output: Up to 500 lumens
Color Temperature: 3000K–6500K
Color Modes: Warm, Natural, White
CRI: 85
Voltage: 110V AC
Switch Type: Integrated Dimmer
Power Source: Corded Electric
Mounting Type: Tabletop / Countertop
Indoor Use Only
Assembly Required: No

Care & Maintenance:
Wipe gently with a soft, dry cloth. Avoid moisture and harsh cleaning agents. Suitable for indoor dry environments only.

Shipping & Processing:
Processing time: 2–3 business days
Delivery time: 3–4 business days depending on location

Color Note:
Colors may slightly vary due to lighting conditions and screen display differences.

Safety Note:
For indoor use only. Use with the provided integrated LED system and connect to appropriate voltage supply. Keep away from water and damp areas.

Returns & Support:
We offer a 30-day return policy for your peace of mind.
Our customer support team is available 24/7 to assist with any questions.

Materials:
Aluminum
Iron
Integrated LED Components
Electrical Cord",115.99,USD,3,"reading_desk_light,aluminum_table_lamp,3_color_mode_lamp,dimmable_desk_lamp,silver_night_lamp,modern_bedside_lamp,led_table_lamp,minimal_bedroom_lamp,modern_lamp,home_decor_lamp,compact_office_light,led_night_light,room_table_lamp","Electrical Cord,Integrated LED Components,Aluminum,Iron",https://i.etsystatic.com/64439944/r/il/f08608/7793954023/il_fullxfull.7793954023_qynr.jpg,https://i.etsystatic.com/64439944/r/il/c9dadb/7793954019/il_fullxfull.7793954019_tde9.jpg,https://i.etsystatic.com/64439944/r/il/0f439b/7793953997/il_fullxfull.7793953997_kplp.jpg,https://i.etsystatic.com/64439944/r/il/b17df5/7793953999/il_fullxfull.7793953999_hdt2.jpg,https://i.etsystatic.com/64439944/r/il/e2200c/7793954003/il_fullxfull.7793954003_cn0j.jpg,https://i.etsystatic.com/64439944/r/il/cdccb3/7793954001/il_fullxfull.7793954001_qpr1.jpg,,,,,,,,,,,TV-PD26
"Wood Tripod Table Lamp, Linen Beige Shade, Bohemian Bedside Nightstand Light","Description:
Designed by the seller and carefully handcrafted by our skilled team, this tripod table lamp brings warmth and balanced simplicity to modern interiors.

Featuring a light brown wooden tripod base paired with a linen beige lampshade, this compact bedside lamp offers a clean and inviting aesthetic. The natural wood finish combined with soft fabric texture complements bedrooms, nurseries, kid rooms, living rooms, and cozy reading corners. Its warm white illumination creates a comfortable atmosphere suitable for reading, studying, working, or relaxing in the evening.

The sturdy triangular tripod structure enhances stability, making it well suited for nightstands and side tables. Its compact footprint allows it to fit neatly on desks and small surfaces while maintaining visual presence.

Assembly is straightforward—simply secure the tripod base, attach the shade, and insert your preferred bulb. The 64.9-inch power cord provides flexible placement options, and the inline on/off switch ensures convenient daily use.

Specifications:
Overall Dimensions: 14.2"" H x 7.85"" W x 6.5"" D
Base Diameter: 3 inches
Weight: 499 grams (approx. 1.1 lbs)
Base Material: Wood
Shade Material: Linen
Color: Light Brown with Beige Shade
Finish: Wood
Bulb Base: E26 Medium
Compatible Bulbs: LED, Incandescent, CFL, Halogen (A19 shape)
Maximum Wattage: 60W
Voltage: 220V
Power Source: Corded Electric
Switch Type: Inline ON/OFF Switch
Mounting Type: Tabletop
Indoor Use Only
Assembly Required: Yes

Care & Maintenance:
Wipe the wooden base with a soft dry cloth. Clean the linen shade gently using a dry microfiber cloth or light dusting brush. Avoid moisture and damp environments.

Shipping & Processing:
Processing time: 2–3 business days
Delivery time: 3–4 business days depending on location

Color Note:
Colors may slightly vary due to lighting conditions and screen display differences.

Safety Note:
Use only compatible E26 bulbs within the recommended wattage. Ensure stable placement on a flat surface and keep away from water or high-moisture areas.

Returns & Support:
We offer a 30-day return policy for your peace of mind.
Our customer support team is available 24/7 to assist with any questions.

Materials:
Solid Wood
Linen Fabric
Metal Socket
Electrical Cord",114.99,USD,3,"kids_room_lamp,nursery_table_lamp,boho_bedroom_lamp,small_night_lamp,linen_shade_lamp,wood_bedside_lamp,tripod_table_lamp,bedside_reading_lamp,lampshade_decor,wood_lighting_linen,wood_lighting,compact_desk_lamp,light_brown_lamp","Electrical Cord,Metal Socket,Linen Fabric,Solid Wood",https://i.etsystatic.com/64439944/r/il/dbbf50/7793913667/il_fullxfull.7793913667_srpy.jpg,https://i.etsystatic.com/64439944/r/il/6bceb3/7793913643/il_fullxfull.7793913643_g5ez.jpg,https://i.etsystatic.com/64439944/r/il/160b0c/7793913639/il_fullxfull.7793913639_h3p5.jpg,https://i.etsystatic.com/64439944/r/il/64387e/7745957544/il_fullxfull.7745957544_1trt.jpg,https://i.etsystatic.com/64439944/r/il/24e240/7745957506/il_fullxfull.7745957506_b1qs.jpg,https://i.etsystatic.com/64439944/r/il/a75764/7745957502/il_fullxfull.7745957502_5k0e.jpg,,,,,,,,,,,TV-PD25
"Handwoven Rattan Table Lamp, Bohemian Wood Triangular Base, Bedside Nightstand Light","Description:
Designed by the seller and carefully handcrafted by our skilled team, this rattan table lamp blends natural texture with refined structure to elevate your interior décor.

Featuring a distressed wooden triangular base and a handwoven paper rope shade in vertical stripe detailing, this lamp introduces warmth and subtle character to bedrooms, living rooms, nurseries, offices, loft spaces, and entryways. The woven rattan-style shade softly diffuses light, creating a warm white glow with gentle, non-glare illumination suitable for reading, studying, relaxing, or evening ambiance.

The tall triangular wood base provides stability while maintaining a space-saving footprint, making it ideal for nightstands, side tables, and compact surfaces. Its balanced design complements bohemian, rustic, and modern interiors alike.

Installation is simple—attach the base and shade, insert your bulb, and the lamp is ready to use. The 64.96-inch cord allows flexible placement, and the inline on-off switch offers convenient everyday operation.

Specifications:
Overall Dimensions: 11.4"" D x 10.4"" W x 7.2"" H
Shade Height: 6.7 inches
Base Diameter: 9 inches
Weight: 1.9 pounds
Base Material: Wood
Shade Material: Handwoven paper rope / rattan style
Finish: Distressed
Color: Brown with vertical stripe pattern
Bulb Base: E26 (bulb not included)
Compatible Bulbs: LED, incandescent, CFL, halogen (A19 shape)
Maximum Wattage: 60W
Power Source: Corded electric
Switch Type: Inline on-off switch
Voltage: 120V
Indoor Use Only

Care & Maintenance:
Dust gently with a soft, dry cloth. Avoid excess moisture to preserve the natural wood and woven shade. Use indoor dry environments only.

Shipping & Processing:
Processing time: 2–3 business days
Delivery time: 3–4 business days depending on location

Color Note:
Colors may slightly vary due to lighting conditions and screen display differences.

Handcrafted Disclaimer:
Each woven shade is individually handcrafted, which may result in slight natural variations in texture and pattern, adding to its unique character.

Safety Note:
For safe use, install compatible E26 bulbs within the recommended wattage. Ensure the lamp is placed on a stable surface and keep away from water or damp areas.

Returns & Support:
We offer a 30-day return policy for your peace of mind.
Our customer support team is available 24/7 to assist with any questions.

Materials:
Wood
Paper Rope
Rattan Fiber
Metal Socket
Electrical Cord",124.99,USD,3,"bedroom_lamp,nursery_table_lamp,bohemian_home_decor,handwoven_lampshade,wood_base_lamp,boho_bedside_lamp,rattan_table_lamp,white_table_lamp,room_side_lamp,triangular_base_lamp,woven_shade_lamp,rustic_desk_lighting,corded_table_lamp","Electrical Cord,Metal Socket,Rattan Fiber,Paper Rope,Wood",https://i.etsystatic.com/64439944/r/il/887c0f/7745932128/il_fullxfull.7745932128_jdhv.jpg,https://i.etsystatic.com/64439944/r/il/de1de9/7793888545/il_fullxfull.7793888545_r8pe.jpg,https://i.etsystatic.com/64439944/r/il/dcac32/7793888543/il_fullxfull.7793888543_9r72.jpg,https://i.etsystatic.com/64439944/r/il/930fb9/7793888571/il_fullxfull.7793888571_8mnu.jpg,https://i.etsystatic.com/64439944/r/il/d27725/7793888539/il_fullxfull.7793888539_m09u.jpg,https://i.etsystatic.com/64439944/r/il/ddd21c/7793888563/il_fullxfull.7793888563_ns7s.jpg,,,,,,,,,,,TV-PD24
"Small Wood Base Lamp, Beige Linen Shade, Warm White Nightstand Light, Boho Desk Lamp","Description:
Bring warmth and charm to your space with this small bedside table lamp featuring a natural wood base and soft beige linen shade. Designed with a minimalist and cozy aesthetic, this mini nightstand lamp blends beautifully into boho, modern, and Scandinavian-inspired interiors.
Emitting a comfortable 2700K warm white glow, this lamp creates a relaxing atmosphere perfect for bedrooms, dorm rooms, nurseries, and living spaces. With 400 lumens of brightness, it provides enough light for reading, studying, or working while remaining soft and eye-friendly.
Compact and lightweight, this mini desk lamp fits perfectly on nightstands, shelves, study desks, or small tables without taking up much space. Its simple push button switch ensures easy everyday use.
An ideal gift choice for housewarmings, students, friends, or anyone who loves cozy home décor.

 Features:
Natural wood base with beige linen fabric shade
2700K warm white light for cozy ambiance
400 lumens bright yet eye-friendly illumination
Energy-efficient LED bulb included
Compact size ideal for small spaces
Minimalist boho-inspired design
Simple push button switch
Safe and reliable construction
Perfect for bedroom, dorm, nursery, or office

Specifications:
Dimensions: 4.8"" D × 4.8"" W × 9.5"" H
Weight: 12.6 oz
Base Material: Wood
Shade Material: Linen
Shade Color: Beige
Bulb Base: E26 Medium
Light Color: 2700K Warm White
Brightness: 400 Lumens
Wattage: 4W LED
Voltage: 110V (AC)
Switch Type: Push Button
Power Source: Corded Electric
Installation Type: Tabletop
Bulb Included: Yes
Indoor Use Only

 What’s Included:
1 × Mini Table Lamp
1 × 4W LED Bulb (2700K Warm White)

Perfect For:
Bedroom Nightstand
College Dorm Room
Nursery Room Lighting
Study Desk
Living Room Accent
Cozy Home Decor",84.99,USD,3,"dorm_room_light,2700k_lamp,warm_white_lamp,mini_nightstand_lamp,boho_table_lam,wood_base_lamp,small_bedside_lamp,small_study_lamp,cozy_bedroom_decor,beige_linen_lamp,minimalist_desk_lamp,nursery_table_lamp,modern_bedside_light",Linen,https://i.etsystatic.com/64439944/r/il/0b717d/7790032577/il_fullxfull.7790032577_1mnl.jpg,https://i.etsystatic.com/64439944/r/il/ae764e/7742081160/il_fullxfull.7742081160_p2dr.jpg,https://i.etsystatic.com/64439944/r/il/2d8618/7790032573/il_fullxfull.7790032573_eeyh.jpg,https://i.etsystatic.com/64439944/r/il/18684a/7790032575/il_fullxfull.7790032575_h0kr.jpg,https://i.etsystatic.com/64439944/r/il/7a2fa1/7742081156/il_fullxfull.7742081156_mqsp.jpg,https://i.etsystatic.com/64439944/r/il/41dba2/7742081140/il_fullxfull.7742081140_lkkn.jpg,,,,,,,,,,,TV-PD23
"Small Minimalist Table Lamp, Cream Linen Shade, Black Base Bedside Nightstand Light","Description:
Brighten your space with this minimalist small table lamp, designed to add a cozy and modern touch to bedrooms, living rooms, dorms, and offices. Featuring a sleek black base and a soft cream linen drum shade, this bedside lamp blends effortlessly into any décor style.
Its compact size makes it perfect for nightstands, desks, shelves, or small spaces without overwhelming the room. Despite its small footprint, this lamp provides comfortable, room-filling illumination ideal for reading, relaxing, or working.
The linen fabric shade softens the light, creating a warm and inviting atmosphere. With a simple inline ON/OFF switch, operation is quick and hassle-free — safe and convenient for everyday use.
Compatible with E26 base bulbs (bulb not included), you can choose warm, cool, or smart bulbs to customize your lighting experience.

 Features:
Minimalist modern design
Compact size ideal for small spaces
Cream linen drum shade for soft light diffusion
Sleek painted black base
Simple inline ON/OFF switch
Compatible with E26 base bulbs
Supports LED bulbs up to 60W
Smart bulb compatible for dimming options
Lightweight and easy to place anywhere
Safe and stable design

 Specifications:
Dimensions: 4.45"" D × 4.45"" W × 11.6"" H
Base Diameter: 3.86 inches
Material: Linen, Metal, Plastic
Shade Color: Cream
Finish: Painted
Bulb Base: E26
Maximum Wattage: 60W (LED Recommended)
Switch Type: Inline Switch
Power Source: Corded Electric
Installation Type: Tabletop
Indoor Use Only
Bulb Included: No

 What’s Included:
1 × Table Lamp Base
1 × Linen Lampshade
(Bulb not included)

 Perfect For:
Bedroom Nightstand
Dorm Room Lighting
Living Room Accent Light
Nursery or Kids Room
Office Desk Lamp
Apartment Decor",69.99,USD,3,"cream_shade_lamp,minimalist_lamp,nightstand_light,bedside_lamp,small_table_lamp,living_room_decor,modern_night_lamp,dorm_room_lamp,bedroom_lighting,desk_lamp_small,linen_shade_lamp,compact_table_lamp,home_decor_lamp","Linen,Metal,Plastic",https://i.etsystatic.com/64439944/r/il/fa556b/7742031746/il_fullxfull.7742031746_pix3.jpg,https://i.etsystatic.com/64439944/r/il/9d0c90/7789983047/il_fullxfull.7789983047_g2gf.jpg,https://i.etsystatic.com/64439944/r/il/5afbbb/7742031744/il_fullxfull.7742031744_10sl.jpg,https://i.etsystatic.com/64439944/r/il/ed38d4/7789983045/il_fullxfull.7789983045_czuv.jpg,https://i.etsystatic.com/64439944/r/il/b7c3a6/7742031750/il_fullxfull.7742031750_cydc.jpg,https://i.etsystatic.com/64439944/r/il/6ecc1b/7789983049/il_fullxfull.7789983049_499a.jpg,,,,,,,,,,,TV-PD22
"Modern Black Torchiere Floor Lamp: Tall Upward Lighting, White Shade, 71.5 Inch","Description:
Illuminate your space with this modern black torchiere floor lamp, designed to deliver bright, upward lighting while maintaining a sleek and minimalist look. Featuring a tall metal body and a white plastic shade, this standing lamp blends seamlessly into contemporary interiors.
Perfect for living rooms, bedrooms, offices, classrooms, or reading corners, this tall floor lamp brightens dark corners without taking up much space. The durable resin plastic shade resists cracking, stays cool to the touch, and is easy to clean.
The convenient rotary switch located on the lamp head allows simple on/off control. Compatible with E26 base bulbs, this lamp also works with smart bulbs and smart plugs (not included), giving you flexibility for modern home setups.
With a weighted, stable base and tool-free assembly, this floor lamp is designed for safety and ease — making it suitable for homes with children and pets.

Features:
Modern minimalist torchiere design
Tall 71.5-inch standing lamp
Bright upward lighting for full-room illumination
Durable white plastic shade (heat-resistant & crack-resistant)
Strong black metal body with brushed finish
Rotary switch on lamp head
Compatible with E26 base bulbs (bulb not included)
Works with smart bulbs and smart plugs
Stable weighted round base for safety
Easy tool-free assembly

 Specifications:
Height: 71.5 inches
Base Dimensions: 9.5"" D × 9.5"" W
Material: Metal & Plastic
Finish: Brushed
Shade Color: White
Bulb Base: E26
Maximum Wattage: 60W
Voltage: 120V
Switch Type: Rotary
Power Source: Corded Electric
Installation Type: Freestanding
Indoor Use Only
Bulb Included: No

 What’s Included:
1 × Floor Lamp Base & Pole
1 × White Plastic Shade
(Bulb not included)

Perfect For:
Living Room Lighting
Bedroom Floor Lamp
Office or Study Room
Kids Room Lighting
Apartment Corner Lamp
Reading Areas",91.99,USD,3,"corner_floor_light,bedroom_floor_lamp,living_room_lighting,tall_standing_lamp,torchiere_lamp,modern_black_lamp,office_standing_lamp,bright_floor_lamp,minimal_home_decor,home_lighting_decor,metal_floor_lamp,smart_lamp,freestanding_light","Metal,Plastic",https://i.etsystatic.com/64439944/r/il/f8230b/7741983244/il_fullxfull.7741983244_631i.jpg,https://i.etsystatic.com/64439944/r/il/a00f8f/7741983262/il_fullxfull.7741983262_fz0x.jpg,https://i.etsystatic.com/64439944/r/il/cb80bd/7741983260/il_fullxfull.7741983260_pbk0.jpg,https://i.etsystatic.com/64439944/r/il/61f4e7/7789933971/il_fullxfull.7789933971_npvu.jpg,https://i.etsystatic.com/64439944/r/il/986aa1/7789933973/il_fullxfull.7789933973_2uci.jpg,,,,,,,,,,,,TV-PD21
"Modern White Linen Floor Lamp – Tall Slim Minimalist Home Decor, Foot Switch","Description:
Upgrade your home lighting with this modern minimalist floor lamp, designed to bring soft, warm illumination to any room. Featuring a slim black pole base and a white linen shade, this tall standing lamp blends effortlessly into living rooms, bedrooms, offices, and cozy corners.
Its space-saving design makes it perfect for small apartments or tight spaces while still providing stylish ambient lighting. The convenient foot pedal switch allows easy on/off control without bending down.
Designed with an E26 socket base, this lamp is compatible with multiple bulb styles (bulb not included), allowing you to customize brightness and color temperature to suit your mood.
A simple yet elegant lighting solution for reading, relaxing, dining, or working.

 Features
Modern minimalist floor lamp design
Slim, tall structure ideal for small spaces
White linen fabric shade for soft light diffusion
Sturdy black metal pole base
Convenient foot pedal on/off switch
Compatible with E26 base bulbs (LED, ST58, A19, G25, T45, RGB)
Easy twist-together assembly
Perfect for living room, bedroom, office, or corner spaces

 Specifications:
Height: 67 inches
Base Dimensions: 5"" D x 5"" W
Shade Material: Line 
Shade Color: White
Pole Material: Metal
Finish: Matte (Shade), Polished/Brushed (Pole)
Switch Type: Foot Switch
Power Source: Corded Electric
Number of Light Sources: 1
Bulb Base: E26 (Bulb Not Included)
Installation Type: Freestanding
Indoor Use Only

 What’s Included:
1 × Floor Lamp Base & Pole
1 × Linen Lampshade
1 × On/Off Foot Switch
(Bulb and remote control not included)

Perfect For:
Living Room Lighting
Bedroom Ambient Light
Office Corner Lamp
Reading Nook
Apartment Decor
Minimalist Interiors",94.99,USD,3,"living_room_light,linen_shade_lamp,tall_slim_lamp,corner_floor_lamp,minimalist_lighting,white_standing_lamp,modern_floor_lamp,plug_in_floor_lamp,home_decor_lighting,small_space_lamp,bedroom_floor_lamp,contemporary_lamp,reading_floor_light",Metal,https://i.etsystatic.com/64439944/r/il/4929c1/7789892851/il_fullxfull.7789892851_niye.jpg,https://i.etsystatic.com/64439944/r/il/0ac237/7741942304/il_fullxfull.7741942304_ni3p.jpg,https://i.etsystatic.com/64439944/r/il/792a29/7789892821/il_fullxfull.7789892821_ip1s.jpg,https://i.etsystatic.com/64439944/r/il/e08fce/7741942272/il_fullxfull.7741942272_mzkc.jpg,https://i.etsystatic.com/64439944/r/il/b12c98/7789892823/il_fullxfull.7789892823_nl1v.jpg,https://i.etsystatic.com/64439944/r/il/67a5f8/7741942278/il_fullxfull.7741942278_klra.jpg,https://i.etsystatic.com/64439944/r/il/5958ca/7789892839/il_fullxfull.7789892839_9m1g.jpg,,,,,,,,,,TV-PD20
"Vintage Style Candle Warmer Lamp, Adjustable Height Wax Melt Warmer, Timer Dimmer","Description:
Create a cozy, flame-free atmosphere with this elegant candle warmer lamp with timer and dimmer. Designed with a wooden base, gold metal body, and black glass shade, this vintage-inspired table lamp blends beautifully with modern and classic home décor.

Unlike traditional candles, this electric wax warmer melts candles from the top down using a 50W GU10 halogen bulb, releasing fragrance quickly and evenly — without smoke, soot, or open flames. It’s a safer and cleaner way to enjoy your favorite jar candles.

The adjustable height feature allows you to fit various candle sizes and control both heat intensity and light brightness. With built-in 2H/4H/8H timer settings and multiple dimming levels, you can customize the ambiance for relaxing evenings, reading time, or special occasions.

A thoughtful and stylish gift for birthdays, housewarmings, holidays, or simply treating yourself to a warm and inviting space.

 Features:
Adjustable height for different jar candle sizes

Built-in timer settings: 2H / 4H / 8H

Multiple dimming levels for customized brightness

Flame-free, smoke-free candle melting

Fast top-down wax melting technology

Elegant wooden base with gold body and black glass shade

Includes 2 × 50W GU10 halogen bulbs

Safe alternative to burning candles

Ideal for bedroom, living room, dining room, or office

 Specifications:

Dimensions: 6.9"" D × 9.8"" W × 4.9"" H

Base Material: Wood

Body Material: Metal

Shade Material: Glass

Shade Color: Black

Finish: Matte

Bulb Base: GU10

Bulb Type: 50W Halogen

Number of Bulbs: 2 Included

Light Output: 500 Lumens

Voltage: 120V (AC)

Switch Type: Push Button with Dimmer

Power Source: Corded Electric

Installation: Tabletop

Indoor Use Only

 What’s Included:

1 × Candle Warmer Lamp

2 × 50W GU10 Halogen Bulbs

Built-in Timer & Dimmer Control

 Perfect Gift For:

Birthday Gifts for Women

Gifts for Mom

Housewarming Presents

Christmas & Valentine’s Day

Home Decor Lovers

Candle Enthusiasts",104.99,USD,3,"candle_warmer_lamp,birthday_gifts,gift_for_mom,wax_melt_warmer_jar,candle_warmer,unflame_candle_lamp,adjustable_lamp,home_decor_gift,vintage_table_lamp,housewarming_gift,bedroom_table_lamp,romantic_room_decor,dimmable_candle_warm","Metal,Wood",https://i.etsystatic.com/64439944/r/il/fa2ebf/7786507151/il_fullxfull.7786507151_k42q.jpg,https://i.etsystatic.com/64439944/r/il/3e0f90/7738551838/il_fullxfull.7738551838_tn3b.jpg,https://i.etsystatic.com/64439944/r/il/f0797c/7786507177/il_fullxfull.7786507177_pzxs.jpg,https://i.etsystatic.com/64439944/r/il/d2834a/7786507153/il_fullxfull.7786507153_rmz9.jpg,https://i.etsystatic.com/64439944/r/il/e59f1f/7738551830/il_fullxfull.7738551830_tt32.jpg,https://i.etsystatic.com/64439944/r/il/d79509/7738551828/il_fullxfull.7738551828_mcve.jpg,,,,,,,,,,,TV-PD19
"Modern Black Floor Lamp with White Linen Shade, 60 Inch Tall Standing Lamp","Product Description:
Designed by the seller and carefully assembled by our production team, this modern floor lamp features a clean silhouette and neutral color palette that complements a wide range of interiors.

The slim black metal pole is paired with a soft white linen shade, creating balanced lighting suitable for reading, relaxing, or everyday use. Its minimal design blends effortlessly with modern, industrial, transitional, and classic décor styles.

Standing at 60 inches tall, this lamp is ideal for placement beside sofas, armchairs, desks, or beds. The compact base allows it to fit neatly into corners without occupying excessive visual space.

A convenient foot pedal switch makes turning the lamp on and off easy and hands-free. The lamp is compatible with E26 base bulbs, allowing you to customize brightness and color temperature. A 2700K warm white bulb is recommended for a cozy atmosphere.

Bulb not included.

Assembly is simple and tool-free — just connect the poles, secure them to the base, and attach the shade.

Suitable for living rooms, bedrooms, offices, dining areas, and reading corners.

Specifications

Material: Metal Base, Linen Shade
Color: Black Pole with White Shade
Style: Modern / Minimalist
Finish Type: Painted

Overall Dimensions:
10.24 inches D x 7.87 inches W x 60 inches H
Item Weight: Approximately 5.6 lbs

Bulb Base: E26
Maximum Compatible Wattage: 60W
Voltage: 120V
Power Source: Corded Electric
Switch Type: Foot Pedal
Installation Type: Freestanding Floor Mount
Indoor Use Only
Assembly Required: Yes

Included Components:
• Lamp Base
• Lamp Poles
• White Linen Shade
• User Manual
Bulb: Not Included

Care & Maintenance
Wipe the metal pole with a soft dry cloth. Clean the fabric shade gently using a lint roller or soft brush. Avoid excess moisture.

Styling Suggestions

Perfect for:
• Living room corners
• Bedroom bedside lighting
• Office reading areas
• Dining room accent lighting
• Apartment or small-space decor

Complements modern, minimalist, industrial, and transitional interiors.

Shipping & Processing:
Processing time: 2–3 business days
Estimated delivery: 3–5 business days depending on location

Color Note:
Actual color may vary slightly due to lighting conditions and screen settings.

Returns & Support:
30-day return policy.
Customer support available for any questions regarding installation or compatibility.

Materials:
Metal
Linen Fabric
Electrical Components",104.99,USD,3,"footpedal_floor_lamp,bedroom_reading_lamp,livingroom_lamp,minimalist_tall_lamp,white_shade_lamp,black_standing_lamp,modern_floor_lamp,office_standing_lamp,small_space__lamp,simple_modern_lamp,E26_standing_light,60_inch_floor_lamp,floor_lamp","Electrical Components,Linen Fabric,Metal",https://i.etsystatic.com/64439944/r/il/63ec5e/7731878876/il_fullxfull.7731878876_aszs.jpg,https://i.etsystatic.com/64439944/r/il/6d04d7/7731878860/il_fullxfull.7731878860_fmi3.jpg,https://i.etsystatic.com/64439944/r/il/94705b/7779828561/il_fullxfull.7779828561_21al.jpg,https://i.etsystatic.com/64439944/r/il/001feb/7779828555/il_fullxfull.7779828555_fg2s.jpg,https://i.etsystatic.com/64439944/r/il/d8f2f1/7779828571/il_fullxfull.7779828571_8g55.jpg,https://i.etsystatic.com/64439944/r/il/54e175/7779828559/il_fullxfull.7779828559_f5ih.jpg,,,,,,,,,,,TV-PD16
"Black Metal Candle Warmer Lamp with Adjustable Height and Timer Function","Product Description:
Designed by the seller and carefully assembled by our production team, this modern candle warmer lamp offers a flame-free way to enjoy your favorite jar candles while adding warmth and ambiance to your space.

Featuring a sleek black metal shade with a wooden base, this tabletop candle heater blends modern simplicity with cozy home styling. Instead of burning a wick, the included halogen bulbs gently warm the candle from above, releasing fragrance evenly without smoke, soot, or open flame.

The adjustable brightness control allows you to customize both light intensity and melting speed. A brighter setting melts wax more quickly and enhances scent throw, while lower settings create a softer ambient glow.

Built-in timer settings (2, 4, or 8 hours) provide automatic shut-off for added convenience. The adjustable height design accommodates various jar candle sizes, making it versatile for different decorative needs.

Perfect for bedrooms, living rooms, offices, meditation spaces, yoga areas, or cozy reading corners. It also serves as a thoughtful gift for birthdays, holidays, anniversaries, or special occasions.

Jar candle not included.

Specifications:
Material: Metal and Wood
Color: Black
Finish Type: Powder Coated
Style: Modern

Overall Dimensions: 5.3 inches D x 5.3 inches W x 10.5 inches H
Item Weight: Approximately 1.81 lbs

Bulb Base: GU10
Light Source Type: Halogen
Included Bulbs: 2 × 50W Halogen Bulbs
Voltage: 110V (AC)
Power Source: Corded Electric
Switch Type: Push Button
Control: Dimmable with Timer Function

Timer Settings: 2 / 4 / 8 Hours
Adjustable Height: Yes
Installation Type: Tabletop
Indoor Use Only
Assembly Required: Yes

Included Components:
• Candle Warmer Lamp
• 2 Halogen Bulbs (50W each)
• Instruction Manual

How It Works:
The halogen bulb gently heats the candle from above, melting the top layer of wax to release fragrance without an open flame. This method helps extend candle life by reducing uneven burning.

Care & Maintenance
Allow the unit and bulb to cool completely before touching.
Keep away from water and high humidity.
Do not move the lamp while the wax is melted.
Use only compatible bulb type and wattage.

Styling Suggestions

Perfect for:
• Bedroom nightstands
• Living room side tables
• Office desks
• Meditation or yoga corners
• Cozy reading areas

Complements modern, minimalist, farmhouse, and contemporary interiors.

Shipping & Processing:
Processing time: 2–3 business days
Estimated delivery: 3–5 business days depending on destination

Color Note:
Actual color may vary slightly due to lighting and screen differences.

Returns & Support:
30-day return policy.
Customer support is available for product questions or assistance.

Materials:
Metal
Wood
Halogen Bulbs
Electrical Components",109.99,USD,3,"table_candle_lamp,bedroom_cozy_lamp,home_decor_lamp,candle_warmer_lamp,black_candle_heater,dimmable_candle_lamp,modern_candle_lamp,living_room__lamp,gift_of_decor,tabletop_candle_lamp,jar_candle_warmer,minimal_candle_lamp,table_lamp","Metal,Wood,Bulbs,Electrical Components",https://i.etsystatic.com/64439944/r/il/941001/7731845996/il_fullxfull.7731845996_i9rs.jpg,https://i.etsystatic.com/64439944/r/il/9d8786/7731845992/il_fullxfull.7731845992_n777.jpg,https://i.etsystatic.com/64439944/r/il/ee2c1b/7779795697/il_fullxfull.7779795697_805w.jpg,https://i.etsystatic.com/64439944/r/il/236542/7731846052/il_fullxfull.7731846052_tk3e.jpg,https://i.etsystatic.com/64439944/r/il/f90c4a/7779795747/il_fullxfull.7779795747_s8ck.jpg,,,,,,,,,,,,TV-PD15
"Matte Black Ceramic Bottle Vase, Rustic Farmhouse Boho Home Decor","Product Description

Designed by the seller and carefully finished by skilled artisans, this 6-inch black ceramic vase brings understated charm and texture to your home.

Featuring a classic bottle silhouette and matte black finish, this decorative vase blends seamlessly with farmhouse, rustic, boho, and modern interiors. Its compact size makes it ideal for layering with other decor pieces or styling as a standalone accent.

Each vase is hand-finished, giving it subtle variations that add character and an artisanal feel. The smooth matte surface enhances its minimalist aesthetic while allowing it to complement both neutral and bold decorative themes.

Perfect for displaying fresh flowers, dried stems, pampas grass, or faux arrangements. It can also be styled empty as a sculptural accent on shelves, mantels, desks, or coffee tables.

Securely packaged and suitable for gifting on housewarmings, birthdays, holidays, or seasonal decor updates.

Specifications

Material: Ceramic
Color: Matte Black
Shape: Bottle

Dimensions:
Height: 6 inches
Body Width: 5 inches
Base Diameter: 3.15 inches
Opening Diameter: 2.76 inches

Number of Pieces: 1
Indoor Use Recommended

Care & Maintenance

Wipe clean with a soft dry cloth. If using fresh flowers with water, handle carefully and dry thoroughly after use. Avoid harsh cleaning agents.

Styling Suggestions

Ideal for:

• Coffee tables
• Entryway consoles
• Floating shelves
• Fireplace mantels
• Bedroom dressers
• Office desks

Pairs beautifully with:

• Dried florals
• Minimal greenery
• Neutral decor palettes
• Layered vase arrangements

Shipping & Processing

Processing time: 2–3 business days
Estimated delivery: 3–5 business days depending on location

Color Note:
Due to lighting and screen differences, actual color may vary slightly.

Returns & Support:
30-day return policy.
Customer support available for any product-related questions.

Materials:
Ceramic
Matte Finish Coating",89.99,USD,3,"minimal_home_decor,mantel_decor_vase,small_shelf_vase,rustic_table_decor,black_ceramic_vase,matte_black__vase,boho_home_accent,farmhouse_decor_vase,6_inch_pottery_vase,hand_finished_vase,flower_display_vase,modern__pottery_vase,home_decor","Matte Finish Coating,ceramic",https://i.etsystatic.com/64439944/r/il/aa1aef/7777019279/il_fullxfull.7777019279_gh3y.jpg,https://i.etsystatic.com/64439944/r/il/e53475/7729073420/il_fullxfull.7729073420_t2gx.jpg,https://i.etsystatic.com/64439944/r/il/eb4957/7777019265/il_fullxfull.7777019265_qzxk.jpg,https://i.etsystatic.com/64439944/r/il/6f2043/7729073412/il_fullxfull.7729073412_hby6.jpg,https://i.etsystatic.com/64439944/r/il/d677e1/7777019275/il_fullxfull.7777019275_61tt.jpg,https://i.etsystatic.com/64439944/r/il/962b5a/7777019271/il_fullxfull.7777019271_87dm.jpg,https://i.etsystatic.com/64439944/r/il/cd4a64/7777019273/il_fullxfull.7777019273_9or1.jpg,https://i.etsystatic.com/64439944/r/il/f131b9/7729073424/il_fullxfull.7729073424_j4cx.jpg,,,,,,,,,TV-PD17
"Black Geometric Ceramic Vase: Modern Farmhouse Table Decor","Product Description:
Add a modern sculptural touch to your home with this black geometric ceramic vase. Designed with sharp edges, clean lines, and a unique architectural silhouette, this piece blends contemporary style with modern farmhouse charm.
Its compact yet tall profile makes it ideal for styling on dinner tables, mantels, entryways, shelves, bookshelves, kitchen counters, or office desks. The smooth black finish enhances its bold geometric structure, creating visual interest from every angle.

Crafted from high-quality ceramic, this vase is waterproof and suitable for fresh flowers, dried arrangements, pampas grass, faux stems, or as a standalone decorative accent. Even without florals, its sculptural design makes a striking statement piece.

Perfect as a housewarming gift, birthday gift, wedding present, holiday decor accent, or seasonal centerpiece.

Key Features:
• Unique geometric sculptural design
• Smooth black modern finish
• Waterproof – suitable for fresh flowers
• Compact size ideal for small spaces
• Works with modern, farmhouse, minimalist, and contemporary decor
• Can be styled alone or with florals
• Thoughtful gift-ready decorative piece

Specifications:
Material: 100% Ceramic
Color: Black
Style: Modern / Geometric / Farmhouse
Finish: Smooth

Dimensions:
Length: 3.15 inches
Width: 3.15 inches
Height: 11.8 inches

Shape: Unique Geometric Form
Mounting Type: Tabletop / Freestanding
Waterproof: Yes
Number of Pieces: 1
Indoor Use Recommended

Perfect For:
• Dining table centerpieces
• Mantel decor
• Entryway styling
• Living room shelf decor
• Bedroom dresser accents
• Office desk decor
• Housewarming and holiday gifts

Care Instructions:
Wipe clean with a soft dry cloth.
If used with water, empty and dry thoroughly after use.
Handle with care to prevent chipping.

Materials:
Ceramic
Smooth Protective Finish",109.99,USD,3,"shelf_decor_accent,table_vase,modern_house_decor,small_decor_vase,flower_vase,black_ceramic_vase,gifting_vase,minimal_black_vase,entryway_table_decor,unique__vase,mantel_decor_vase,jarrones_decorativos,modern_home_accent","Smooth Protective Finish,Ceramic",https://i.etsystatic.com/64439944/r/il/c4789b/7775938873/il_fullxfull.7775938873_hzfj.jpg,https://i.etsystatic.com/64439944/r/il/a01080/7727993190/il_fullxfull.7727993190_3tzv.jpg,https://i.etsystatic.com/64439944/r/il/378bf2/7727993192/il_fullxfull.7727993192_7urf.jpg,https://i.etsystatic.com/64439944/r/il/12d89e/7775938887/il_fullxfull.7775938887_9tyv.jpg,https://i.etsystatic.com/64439944/r/il/b006d1/7727993188/il_fullxfull.7727993188_r23p.jpg,https://i.etsystatic.com/64439944/r/il/09ffb4/7775938885/il_fullxfull.7775938885_l4m3.jpg,https://i.etsystatic.com/64439944/r/il/f2a4a2/7775938889/il_fullxfull.7775938889_gn6n.jpg,,,,,,,,,,TV-PD18
"Gold Mirror LED Digital Alarm Clock, Dual USB Charger","Product Description

Designed by the seller and carefully assembled by our production team, this modern gold digital alarm clock combines time display, mirror functionality, and device charging in one compact design.

Featuring a sleek rectangular silhouette with a reflective mirror surface, this clock functions as both a timepiece and a convenient vanity mirror. The large LED display offers clear, easy-to-read numbers suitable for bedside tables, desks, shelves, or wall mounting.

The clock operates quietly, making it suitable for restful sleeping environments. It offers both 12-hour and 24-hour time formats. In 12-hour mode, PM is displayed after 1 PM, while AM is not shown before noon.

Brightness can be adjusted manually across three levels (Bright, Medium, Dim) or automatically through a built-in light sensor that adapts to surrounding light conditions. This allows comfortable viewing during both daytime and nighttime use.

Two integrated USB ports allow simultaneous charging of phones or small electronic devices, reducing cable clutter near your bed or workspace.

The snooze function is adjustable between 5 and 60 minutes, making it suitable for different sleep habits. The large top button allows easy operation without fully waking.

A backup battery preserves time and alarm settings during temporary power interruptions.

Suitable for bedrooms, offices, living rooms, and study areas.

Specifications

Material: ABS (Acrylonitrile Butadiene Styrene)
Color: Gold
Display Type: LED Digital
Shape: Rectangular
Style: Modern

Dimensions: 6.2 inches W x 3.1 inches H
Item Weight: Approximately 0.42 lbs

Power Source: Corded Electric
Backup Battery: 1 CR2 battery (included)
Mounting Options: Desk placement or wall mount
Indoor Use Only

Special Features:
• 12/24 Hour Format
• Mirror Surface Display
• 3-Level Manual Brightness Adjustment
• Automatic Light Sensor Dimming
• Dual USB Charging Ports
• Adjustable Snooze (5–60 minutes)
• Quiet Operation
• Memory Function for Settings

Connectivity: USB Charging Ports
Operation Mode: Electrical

Care & Maintenance

Wipe the mirror surface gently with a soft dry cloth. Avoid using harsh chemicals or excessive moisture. Disconnect from power before cleaning.

Shipping & Processing

Processing time: 2–3 business days
Estimated delivery: 3–5 business days depending on location

Color Note

Due to lighting and screen differences, the actual color may vary slightly from product images.

Safety Note

For indoor use only. Keep away from water and high humidity. Use only the included power cable and battery type specified.

Returns & Support

30-day return policy.
Customer support is available to assist with product questions or concerns.

Materials

ABS Plastic
Electronic Components
LED Display Panel",92.99,USD,3,"alarm_clock_with_USB,modern_bedroom_clock,LED_bedside_clock,mirror_desk_clock,golden_alarm_clock,alarm_clock,modern__clock,quiet_bedroom_clock,digital_clock,minimal_desk_clock,large_display_clock,mirror_surface_clock,electronic_clock","LED Display Panel,ABS Plastic,Electronic Components",https://i.etsystatic.com/64439944/r/il/545e65/7722862168/il_fullxfull.7722862168_6k53.jpg,https://i.etsystatic.com/64439944/r/il/0df278/7722862264/il_fullxfull.7722862264_f6yf.jpg,https://i.etsystatic.com/64439944/r/il/8eb325/7722862160/il_fullxfull.7722862160_6op3.jpg,https://i.etsystatic.com/64439944/r/il/f1132e/7722862164/il_fullxfull.7722862164_5mlv.jpg,https://i.etsystatic.com/64439944/r/il/ab28f0/7722862162/il_fullxfull.7722862162_j2wp.jpg,https://i.etsystatic.com/64439944/r/il/38da3c/7770809165/il_fullxfull.7770809165_70m5.jpg,https://i.etsystatic.com/64439944/r/il/e251b9/7722862166/il_fullxfull.7722862166_88v8.jpg,https://i.etsystatic.com/64439944/r/il/cc7c2e/7770809261/il_fullxfull.7770809261_9bal.jpg,,,,,,,,,TV-PD011
"Black Honeycomb Metal Floor Vase Set, Modern Home Decor","Product Description:
Designed by the seller and carefully crafted by our production team, this set of two tall black floor vases brings modern texture and sculptural elegance to any interior space.

Each cylindrical vase features a distinctive honeycomb-inspired hammered pattern that creates a subtle three-dimensional effect. The matte frosted black finish enhances the texture while maintaining a minimalist and contemporary appearance.

The set includes two different heights — 27.6 inches and 21.7 inches — allowing for layered styling. Display them together for a cohesive statement piece or separately in different areas of your home. Their tall, slim silhouette makes them ideal for corners, entryways, or open floor spaces.

Both vases feature wide openings (approximately 6.3 inches and 5.5 inches), suitable for dried flowers, pampas grass, decorative branches, twigs, or artificial arrangements. Decorative stones or fillers can be added to the base for additional stability if desired.

Crafted from thickened metal for durability and structure, these freestanding vases are designed for long-term indoor decorative use.

Note: Water is not recommended as prolonged exposure may affect the metal finish. Flowers and decorative fillers are not included.

Specifications:
Material: Metal
Color: Matte Black
Shape: Cylindrical
Pattern: Geometric Honeycomb Texture
Finish: Brushed / Frosted

Heights:
• Large Vase: 27.6 inches
• Medium Vase: 21.7 inches

Opening Diameter:
• Large: 6.3 inches
• Medium: 5.5 inches

Number of Pieces: 2
Combined Weight: Approximately 5.49 lbs
Indoor Use Only

Storage Note: Vases may arrive nested together for compact packaging.

Care & Maintenance:
For decorative indoor use only.
Do not fill with water.
Wipe clean with a dry or slightly damp cloth. Avoid harsh chemicals or abrasive cleaners.

Styling Suggestions

Perfect for pairing with:
• Pampas grass
• Dried florals
• Artificial greenery
• Decorative branches
• Wicker stems

Suitable for:
• Living rooms
• Bedrooms
• Entryways
• Dining rooms
• Offices
• Hallways
• Hospitality spaces

Shipping & Processing:
Processing time: 2–3 business days
Estimated delivery: 3–5 business days depending on location

Color Note:
Due to lighting and monitor differences, actual color may vary slightly from images.

Returns & Support:
30-day return policy.
Customer support is available for any product questions or concerns.

Materials:
Metal
Protective Coating Finish",134.99,USD,3,"modern_cylinder_vase,large_decor_vase,metal_floor_vase,black_floor_vase,minimal_home_decor,room_standing_vase,entryway_floor_decor,large_black_vase,corner_floor_decor,rustic_modern_vase,set_of_2_floor_vases,dried_flower_vase,honeycomb_texture","Metal,Protective Coating Finish",https://i.etsystatic.com/64439944/r/il/d92ef8/7770664169/il_fullxfull.7770664169_1zjj.jpg,https://i.etsystatic.com/64439944/r/il/843ff1/7722718316/il_fullxfull.7722718316_b9w3.jpg,https://i.etsystatic.com/64439944/r/il/07311d/7722718314/il_fullxfull.7722718314_798a.jpg,https://i.etsystatic.com/64439944/r/il/008f21/7770664059/il_fullxfull.7770664059_3fpt.jpg,https://i.etsystatic.com/64439944/r/il/737c2e/7770664055/il_fullxfull.7770664055_5le7.jpg,https://i.etsystatic.com/64439944/r/il/efdb49/7770664061/il_fullxfull.7770664061_j239.jpg,https://i.etsystatic.com/64439944/r/il/df4452/7722718288/il_fullxfull.7722718288_syie.jpg,https://i.etsystatic.com/64439944/r/il/a9cfdf/7722718354/il_fullxfull.7722718354_awh8.jpg,https://i.etsystatic.com/64439944/r/il/437fa4/7722718362/il_fullxfull.7722718362_plql.jpg,https://i.etsystatic.com/64439944/r/il/fd1db2/7722718442/il_fullxfull.7722718442_41nn.jpg,,,,,,,TV-PD013
"Tall Black Twisted Ceramic Vase - Modern Geometric Home Decor","Product Description:
Designed by the seller and carefully crafted by our production team, this tall twisted ceramic vase brings sculptural elegance and modern geometric style into your home.
Featuring a slim, elongated silhouette with a subtle twist through the body, this decorative vase combines clean lines with artistic movement. The square-inspired structure and flowing form create a visually striking balance between modern minimalism and creative design.
Finished in matte black, this vase serves as a statement piece whether styled with florals or displayed on its own. It works beautifully with fresh flowers, dried arrangements, pampas grass, artificial stems, or decorative branches. Even without floral additions, its sculptural shape makes it a distinctive decor accent.
Perfect for styling on console tables, shelves, mantels, dining tables, kitchen counters, or as part of a floor arrangement in living spaces.

Specifications:
Material: Ceramic
Color: Black
Style: Modern / Geometric / Sculptural
Finish: Hand Finished
Height: 16.34 inches
Base Dimensions: Approximately 3.35 x 3.35 inches
Item Weight: Approximately 2.35 lbs
Number of Pieces: 1
Mounting Type: Tabletop / Freestanding
Indoor Use Only

Care & Maintenance:
Wipe gently with a soft dry cloth. Avoid harsh cleaning agents. Handle with care to prevent impact damage.

Styling Suggestions

Ideal for:
• Living room consoles
• Dining table centerpieces
• Bookshelf styling
• Entryway decor
• Mantel displays
• Kitchen counters
• Bathroom accents

Pairs well with:
• Dried florals
• Pampas grass
• Minimalist greenery
• Neutral or monochrome interiors

Shipping & Processing:
Processing time: 2–3 business days
Estimated delivery: 3–5 business days depending on destination

Color Note:
Due to lighting conditions and screen settings, actual color may vary slightly.

Returns & Support:
30-day return policy.
Customer support is available for any product-related questions.

Materials:
Ceramic
Protective Finish Coating",104.99,USD,3,"minimalist__vase,twist_geometric_vase,black_modern_vase,tall_ceramic_vase,shelf_decor_vase,console_table_accent,matte_black_vase,geometric_home_decor,corner_vase,decorative_vase,centerpiece_vase,unique_vase,modern_vase","Ceramic,Protective Finish Coating",https://i.etsystatic.com/64439944/r/il/913a3d/7770111857/il_fullxfull.7770111857_7x4u.jpg,https://i.etsystatic.com/64439944/r/il/dc3ffd/7770111853/il_fullxfull.7770111853_b23q.jpg,https://i.etsystatic.com/64439944/r/il/62ac08/7722166740/il_fullxfull.7722166740_dr7x.jpg,https://i.etsystatic.com/64439944/r/il/b0f5a5/7770111861/il_fullxfull.7770111861_o68n.jpg,https://i.etsystatic.com/64439944/r/il/667a92/7770111863/il_fullxfull.7770111863_3bcn.jpg,https://i.etsystatic.com/64439944/r/il/fee6e8/7722166742/il_fullxfull.7722166742_h8t5.jpg,https://i.etsystatic.com/64439944/r/il/76f442/7770111927/il_fullxfull.7770111927_kx6c.jpg,https://i.etsystatic.com/64439944/r/il/1b7bc7/7722166812/il_fullxfull.7722166812_oe73.jpg,,,,,,,,,TV-PD14
"Modern Black Floor Lamp with Shelves, 3-Color LED Bulb","Product Description:
Designed by the seller and carefully handcrafted by our skilled team, this modern floor lamp with shelves combines functional lighting with vertical storage in a clean, space-saving design.
The square standing structure features integrated shelving and an upper fabric shade that opens upward to softly distribute light. Finished in black with simple lines, the lamp complements contemporary, minimalist, farmhouse, mid-century, and Asian-inspired interiors. Its vertical profile makes it ideal for corners, offering both illumination and display without occupying excess floor space.
The included LED bulb provides three adjustable color temperatures—3000K, 4000K, and 5000K—allowing you to select lighting suited for reading, daily activities, or ambient atmosphere. The lamp uses an E26 bulb base and supports bulbs up to 60 watts maximum compatibility. A pull chain switch allows easy operation, and the lamp can be paired with compatible smart outlets if desired.
Crafted with a combination of wood, metal components, and high-density fiberboard shelving, each shelf supports over 50 pounds, offering practical storage for books, photo frames, decorative objects, plants, or everyday essentials. The lamp functions as both a lighting source and a compact display unit, suitable for living rooms, bedrooms, offices, study rooms, or reading corners.

Assembly is required, and the package includes necessary tools and installation instructions.

Specifications:
Material: Wood, Metal, High-Density Fiberboard, Fabric Shade
Color: Black
Finish: Painted
Style: Modern
Shape: Square
Mounting Type: Freestanding Floor Mount
Overall Dimensions: 10.2 inches D x 10.2 inches W x 63 inches H
Item Weight: Approximately 10.1 pounds
Number of Shelves: 4-tier shelf design
Shelf Load Capacity: Over 50 pounds per shelf
Number of Light Sources: 1
Bulb Base: E26
Included Bulb: 9W LED
Brightness: 800 lumens
Color Temperatures: 3000K / 4000K / 5000K
Voltage: 120V
Maximum Compatible Wattage: 60W
Switch Type: Pull Chain
Power Source: Corded Electric
Indoor Use Only
Assembly Required: Yes
Included Components:
LED bulb (3 color temperatures)
4-tier shelf structure
Fabric lampshade
Iron rods
E26 lamp holder

Care & Maintenance:
Wipe shelves and frame with a soft, dry cloth. Clean the fabric shade gently to remove dust. Avoid excessive moisture and ensure the lamp is unplugged before cleaning.

Shipping & Processing:
Processing time is 2–3 business days.
Estimated delivery time is 3–4 business days, depending on location.

Color Note:
Color appearance may vary slightly due to lighting conditions and screen settings.

Safety Note:
This product includes electrical components. Ensure proper assembly and use according to instructions. Indoor use only. Do not expose to water.

Returns & Support:
This item includes a 30-day return policy.
Our customer support team is available 24/7 to assist with any questions or concerns.

Materials:
Wood
Metal
High-Density Fiberboard
Fabric",115.99,USD,3,"square_floor_light,bedroom_shelf_lamp,livingroom__lamp,modern_standing_lamp,r_bookshelf_lamp,floor_lamp_shelve,shelf_floor_lamp,floor_lamp_decor,display_shelf_lamp,modern_home_lighting,reading_corner_lamp,lamp_with_storage,4_tier_shelf_lamp","Wood,Metal,High Density Fiberboard,Fabric",https://i.etsystatic.com/64439944/r/il/ac07c6/7719627020/il_fullxfull.7719627020_bauj.jpg,https://i.etsystatic.com/64439944/r/il/991f4e/7767567769/il_fullxfull.7767567769_12ob.jpg,https://i.etsystatic.com/64439944/r/il/b90a30/7719627110/il_fullxfull.7719627110_dgko.jpg,https://i.etsystatic.com/64439944/r/il/5347a1/7767567813/il_fullxfull.7767567813_pn7y.jpg,https://i.etsystatic.com/64439944/r/il/c0f1e3/7719627022/il_fullxfull.7719627022_pvty.jpg,https://i.etsystatic.com/64439944/r/il/b59ab2/7719627018/il_fullxfull.7719627018_k538.jpg,https://i.etsystatic.com/64439944/r/il/24feae/7767567767/il_fullxfull.7767567767_qh50.jpg,https://i.etsystatic.com/64439944/r/il/91d86f/7719627080/il_fullxfull.7719627080_m04d.jpg,https://i.etsystatic.com/64439944/r/il/0d9635/7767567841/il_fullxfull.7767567841_i0is.jpg,https://i.etsystatic.com/64439944/r/il/b92c2d/7719627012/il_fullxfull.7719627012_idfo.jpg,,,,,,,TV-PD07
"Oak Mountain and Sun Wooden Wall Art - Modern Sculpture Set of 3","Product Description:
Designed by the seller and carefully handcrafted by our skilled team, this modern wooden wall sculpture set brings natural texture and contemporary artistry into your interior space.
This three-piece wall art set features a mountain and sun design inspired by nature’s calm landscapes. The clean lines and layered composition create visual depth while maintaining a minimalist aesthetic. Crafted from 8mm engineered wood in an oak finish, each panel highlights warm wood tones and organic texture that complement modern, Scandinavian, and nature-inspired interiors.
The unframed design enhances its contemporary character, allowing the sculptural shapes to stand out as a focal point without visual clutter. With balanced proportions and a medium size format, the set works beautifully in living rooms, bedrooms, offices, kitchens, or entryways.
Installation is simple and straightforward, with screws and a placement guide included to support easy mounting. The structured thickness provides stability while maintaining a refined profile against the wall.

Specifications:
This wall art set includes three wooden panels.
Material: 8mm engineered wood
Finish: Oak
Color: Natural oak tone
Style: Modern / Nature inspired
Design: Mountain and Sun
Frame Type: Unframed
Each panel measures approximately 17 inches in height, 12.6 inches in width, and 0.2 inches in thickness.
Total item weight: approximately 3.74 pounds.
Mounting type: Wall mounted
Recommended use: Indoor decoration

Care & Maintenance:
Dust gently with a soft, dry cloth to preserve the natural wood surface. Avoid exposure to excessive moisture or direct water contact.

Shipping & Processing:
Processing time is 2–3 business days.
Estimated delivery time is 3–4 business days, depending on location.

Color Note:
Due to natural wood grain and lighting conditions, slight variations in tone and texture may occur. Screen settings may also affect color appearance.

Handmade Disclaimer:
Each wooden panel showcases natural variations in grain and texture, making every set slightly unique.

Returns & Support:
This item includes a 30-day return policy.
Our customer support team is available 24/7 to assist with any questions or concerns.

Materials:
Engineered wood",109.99,USD,3,"nature_inspir_decor,wooden_wall_art,oak_wall_decor,mountain_wall_art,unframed_wall_panel,living_room_wall_art,office_wall_decor,bedroom_wall_accent,minimalist_wall_art,wall_decor,wooden_wall_design,three_panel_wall_art,modern_home_accent","Engineered wood",https://i.etsystatic.com/64439944/r/il/6b50d3/7767541365/il_fullxfull.7767541365_dymn.jpg,https://i.etsystatic.com/64439944/r/il/5e9580/7719600722/il_fullxfull.7719600722_dbix.jpg,https://i.etsystatic.com/64439944/r/il/4744de/7767541343/il_fullxfull.7767541343_egre.jpg,https://i.etsystatic.com/64439944/r/il/fe4672/7767541349/il_fullxfull.7767541349_424k.jpg,https://i.etsystatic.com/64439944/r/il/0a85e5/7767541347/il_fullxfull.7767541347_lwdj.jpg,https://i.etsystatic.com/64439944/r/il/20d474/7719600660/il_fullxfull.7719600660_l8r6.jpg,https://i.etsystatic.com/64439944/r/il/0afb02/7719600656/il_fullxfull.7719600656_eamm.jpg,,,,,,,,,,TV-PD08
"Rustic Brown Floor Lamp Table with Shelves & 3-Color LED","Product Description:
Designed by the seller and carefully handcrafted by our skilled team, this floor lamp with integrated table combines lighting and storage into one streamlined, space-saving design.
This multifunctional piece features a narrow rectangular structure finished in rustic brown veneer, blending modern simplicity with farmhouse-inspired warmth. The built-in shelving offers practical storage while the upper linen shade provides balanced downlighting suitable for reading, ambient lighting, or daily use.
The included 9W LED bulb delivers three selectable color temperatures—2700K, 4000K, and 5000K—allowing you to adjust the atmosphere according to your needs. The rocker switch enables easy control, while the 180-degree swivel lamp head allows directional lighting for focused tasks or accent illumination.
Constructed from wood, metal poles, and fabric elements, the table shelves support up to 50 pounds each, providing space for books, decorative objects, plants, or everyday essentials. Its compact footprint makes it suitable for placement beside beds, sofas, or entryways, functioning as a nightstand, end table, side table, or small coffee table.
Assembly is required, and all necessary tools and instructions are included.

Specifications:
Material: Wood, Metal, Fabric
Finish: Veneered
Color: Rustic Brown
Style: Modern / Rustic Modern
Mounting Type: Freestanding Floor Mount
Overall Dimensions: 15.8 inches D x 11.8 inches W x 59.25 inches H
Item Weight: Approximately 9 pounds
Number of Light Sources: 1
Shelf Load Capacity: Up to 50 pounds per shelf
Bulb Base: E26
Included Bulb: 9W LED
Brightness: Up to 900 lumens
Color Temperatures: 2700K / 4000K / 5000K
Voltage: 120V
Switch Type: Rocker
Power Source: Corded Electric
Indoor Use Only
Assembly Required: Yes
Included Components: LED bulb

Care & Maintenance:
Wipe wooden and metal surfaces with a soft, dry cloth. Clean the fabric shade gently to remove dust. Always unplug before cleaning and avoid excess moisture.

Shipping & Processing:
Processing time is 2–3 business days.
Estimated delivery time is 3–4 business days, depending on location.

Color Note:
Color appearance may vary slightly due to lighting conditions and screen settings.

Safety Note:
This product includes electrical components. Ensure proper assembly and indoor use only. Do not expose to water or damp environments.

Returns & Support:
This item includes a 30-day return policy.
Our customer support team is available 24/7 to assist with any questions or concerns.

Materials:
Wood
Metal
Fabric",129.99,USD,3,"living_room_table,modern_shelf_lamp,bedside_table,narrow_table_lamp,ustic_brown_table,floor_lamp_table,3_color_temp_lamp,freestand_side_table,space_saving_table,rustic_modern_decor,Table_with_lamp,bedroom_corner_lamp,small_coffee_table","Fabric,Metal,Wood",https://i.etsystatic.com/64439944/r/il/4b1d3c/7767496979/il_fullxfull.7767496979_eb7g.jpg,https://i.etsystatic.com/64439944/r/il/893641/7767496983/il_fullxfull.7767496983_ksmw.jpg,https://i.etsystatic.com/64439944/r/il/0face0/7767496913/il_fullxfull.7767496913_qq5l.jpg,https://i.etsystatic.com/64439944/r/il/1896be/7719555812/il_fullxfull.7719555812_rckg.jpg,https://i.etsystatic.com/64439944/r/il/372ac0/7719555814/il_fullxfull.7719555814_k4wr.jpg,https://i.etsystatic.com/64439944/r/il/53c2e7/7719555816/il_fullxfull.7719555816_phg3.jpg,https://i.etsystatic.com/64439944/r/il/1c9713/7767496903/il_fullxfull.7767496903_d894.jpg,https://i.etsystatic.com/64439944/r/il/810ea9/7719555810/il_fullxfull.7719555810_jczo.jpg,,,,,,,,,TV-PD10
"Gold Metal Female Body Line Art Set - Modern Minimalist Wall Sculpture","Product Description:
Designed by the seller and carefully handcrafted by our skilled team, this three-piece gold metal wall art set introduces refined minimalist character into contemporary interiors.
Each panel features an abstract female body line design created with clean, flowing metal contours. The open line composition allows light and shadow to interact naturally with the surface, creating subtle depth and a sculptural effect on the wall. The gold metallic finish adds warmth and visual contrast, making the set suitable for modern, minimalist, and elegant interior styles.
Crafted from full metal with a glossy painted finish, the artwork is structured for durability while maintaining a lightweight profile for easy hanging. The three coordinating pieces are proportioned to be displayed together above a bed, sofa, or console, yet they can also be arranged separately for a customized layout.

Ideal for bedrooms, living rooms, hallways, or office spaces, this wall decor set adds artistic presence without overwhelming the room.

Specifications:
This set includes three metal wall art panels.
Material: Metal
Finish: Glossy painted gold
Color: Gold
Style: Minimalist / Modern
Design: Abstract female body line art
Each panel measures approximately 15.35 inches in height, 11 inches in width, and 0.2 inches in thickness.
Total item weight: approximately 2.03 pounds.
Number of pieces: 3
Mounting type: Wall mounted
Installation accessories: 16 nails included
Batteries required: No

Care & Maintenance:
Wipe gently with a soft, dry cloth to maintain the metallic finish. Avoid harsh cleaning agents or abrasive materials.

Shipping & Processing:
Processing time is 2–3 business days.
Estimated delivery time is 3–4 business days, depending on location.

Color Note:
Color tones may slightly vary depending on lighting conditions and screen settings.

Handmade Disclaimer:
Minor variations in metal texture or finish may occur, adding subtle uniqueness to each set.

Returns & Support:
This item includes a 30-day return policy.
Our customer support team is available 24/7 to assist with any questions or concerns.

Materials:
Metal",109.99,USD,3,"gold_metal_wall_art,abstract_metal_art,room_wall_accent,gold_wall_sculpture,above_bed_wall_decor,bedroom_wall_art,minimalist_decor,female_body_line_art,metal_line_wall_art,gold_room_decor,home_wall_decor,contemporary__decor,wall_decor",Metal,https://i.etsystatic.com/64439944/r/il/440726/7719511072/il_fullxfull.7719511072_lrvr.jpg,https://i.etsystatic.com/64439944/r/il/21edaf/7719511082/il_fullxfull.7719511082_kv9n.jpg,https://i.etsystatic.com/64439944/r/il/cd0f82/7767451949/il_fullxfull.7767451949_1rs8.jpg,https://i.etsystatic.com/64439944/r/il/d534b0/7719511084/il_fullxfull.7719511084_etf3.jpg,https://i.etsystatic.com/64439944/r/il/1a0c9e/7719511076/il_fullxfull.7719511076_dlj5.jpg,https://i.etsystatic.com/64439944/r/il/10c7ca/7767451893/il_fullxfull.7767451893_lsw3.jpg,https://i.etsystatic.com/64439944/r/il/9a7a9c/7719511078/il_fullxfull.7719511078_d1l3.jpg,,,,,,,,,,TV-PD09
"Beige Resin Reading Thinker Statue - Modern Art Deco Figurine","Product Description:
Designed by the seller and carefully handcrafted by our skilled team, this abstract reading thinker statue brings a sense of calm focus and artistic character into modern living spaces.
The sculpture portrays a thoughtful figure immersed in reading, symbolizing knowledge, reflection, and quiet inspiration. Its minimalist form and balanced proportions create a refined visual presence while keeping the design clean and understated. Crafted from durable resin with a smooth painted finish, the statue offers long-lasting quality with a lightweight structure that is easy to display.
The neutral beige tone blends naturally with a variety of interior styles, including modern, Art Deco, minimalist, and Scandinavian decor. Whether placed on a bookshelf, office desk, coffee table, or reading corner, this figurine adds depth and personality without overwhelming the space.

Ideal for home libraries, workspaces, or study areas, this piece serves as both decorative art and a subtle reminder of thoughtful living.

Specifications:
This figurine is made from resin and features a painted finish in a soft beige color.
The design follows a modern and Art Deco style with a reading thinker theme.
Dimensions measure approximately 4.53 inches in height, 3.35 inches in width, and 2.36 inches in depth.
The weight is approximately 5.3 ounces.
It is a single-piece tabletop sculpture intended for indoor decorative use.

Care & Maintenance

To keep the sculpture looking its best, gently wipe with a dry, soft cloth. Avoid exposure to moisture or abrasive cleaning materials.

Shipping & Processing:
Processing time is 2–3 business days.
Estimated delivery time is 3–4 business days, depending on location.

Color Note:
Colors may appear slightly different due to lighting conditions and individual screen settings.

Handmade Disclaimer:
This item is handcrafted, and minor variations in surface finish may occur, making each piece unique.

Returns & Support:
This product includes a 30-day return policy.
Our customer support team is available 24/7 to assist with any questions or concerns.

Materials:
Resin",79.99,USD,3,"office_desk_figurine,library_home_decor,beige_resin_statue,modern_desk_statue,bookshelf_art_decor,reading_statue_decor,thinker_statue,art_deco_figurine,study_room_sculpture,coffee_table_decor,minimalist_art_decor,modern_interior_deco,home_library_accent",Resin,https://i.etsystatic.com/64439944/r/il/8f11a7/7763914167/il_fullxfull.7763914167_uhqs.jpg,https://i.etsystatic.com/64439944/r/il/fc397a/7715974246/il_fullxfull.7715974246_b5cx.jpg,https://i.etsystatic.com/64439944/r/il/e49612/7763914163/il_fullxfull.7763914163_seht.jpg,https://i.etsystatic.com/64439944/r/il/9ec435/7763914161/il_fullxfull.7763914161_a579.jpg,https://i.etsystatic.com/64439944/r/il/6ce4bc/7763914165/il_fullxfull.7763914165_hzxt.jpg,https://i.etsystatic.com/64439944/r/il/862ca4/7715974244/il_fullxfull.7715974244_6f0f.jpg,https://i.etsystatic.com/64439944/r/il/5e069f/7763914179/il_fullxfull.7763914179_qybf.jpg,,,,,,,,,,TV-PD01
"Ceramic Easter Bunny Set: White & Gold Farmhouse Decor","Product Description:
Designed by the seller and carefully handcrafted by our skilled team, this ceramic Easter bunny statue set brings a refined seasonal touch to modern farmhouse and spring interiors.
This elegant duo features two complementary-sized rabbit figurines, each gently holding a gold egg. The clean white matte finish contrasts beautifully with the glossy gold accents inside the ears and on the eggs, creating a balanced and sophisticated decorative statement. The minimalist form and smooth contours allow the sculptures to blend seamlessly into both seasonal and year-round décor settings.
Crafted from high-quality ceramic, these figurines offer a solid, durable structure with a smooth matte texture. Their compact tabletop size makes them ideal for mantels, coffee tables, bookshelves, dining table centerpieces, entryway consoles, or nightstands. Whether styled for spring gatherings or as part of a modern farmhouse arrangement, they add warmth and subtle elegance to any space.

Specifications:
This set includes two ceramic rabbit figurines.
Material: Ceramic
Color: White with gold accents
Finish: Matte white surface with glossy gold egg details
Style: Modern farmhouse / Seasonal décor

Dimensions:
Large bunny: approximately 6.7 inches high and 2.7 inches wide
Small bunny: approximately 5.5 inches high and 2 inches wide

Total packaged dimensions: approximately 7.09 x 5.12 x 5.51 inches
Item weight: approximately 14.1 ounces

Mounting type: Tabletop
Use: Indoor decorative use
Number of pieces: 2

Care & Maintenance:
Gently wipe with a soft, dry cloth to maintain the matte ceramic finish and gold accents. Avoid abrasive cleaners and excess moisture.

Shipping & Processing:
Processing time is 2–3 business days.
Estimated delivery time is 3–4 business days, depending on location.

Color Note:
Colors may slightly vary due to lighting conditions and individual screen settings.

Handmade Disclaimer:
Each ceramic piece is carefully finished, and slight variations in glaze or detailing may occur, adding character to every set.

Returns & Support:
This item includes a 30-day return policy.
Our customer support team is available 24/7 to assist with any questions or concerns.

Materials:
Ceramic",98.99,USD,3,"seasonal_home_accent,gold_egg_sculpture,modern_house_decor,spring_table_decor,white_rabbit_decor,easter_bunny_statue,ceramic_bunny_decor,easter_decor,coffee_table_decor,mantel_decor_spring,tabletop_bunny_set,spring_home_styling,rabbit_shelf_decor",Ceramic,https://i.etsystatic.com/64439944/r/il/bc16a7/7763886213/il_fullxfull.7763886213_rmec.jpg,https://i.etsystatic.com/64439944/r/il/fe0338/7715946894/il_fullxfull.7715946894_9e4n.jpg,https://i.etsystatic.com/64439944/r/il/ae9193/7763886227/il_fullxfull.7763886227_pcwz.jpg,https://i.etsystatic.com/64439944/r/il/549f0d/7763886211/il_fullxfull.7763886211_fwfg.jpg,https://i.etsystatic.com/64439944/r/il/d30926/7763886205/il_fullxfull.7763886205_1h4b.jpg,https://i.etsystatic.com/64439944/r/il/e6b4dd/7763886223/il_fullxfull.7763886223_jsen.jpg,https://i.etsystatic.com/64439944/r/il/e30a2f/7763886193/il_fullxfull.7763886193_oegv.jpg,https://i.etsystatic.com/64439944/r/il/22350d/7715946908/il_fullxfull.7715946908_4pwj.jpg,,,,,,,,,TV-PD05
"Art Deco Thinker Statue Set, Black and Gold Resin Figurines","Product Description:
Designed by the seller and carefully handcrafted by our skilled team, this three-piece Thinker statue set brings bold contrast and artistic depth to modern interiors.
Each figurine features an abstract female thinker form with clean lines and layered texture, reflecting observation, creativity, and contemporary artistry. The black and gold finish creates a refined visual balance, blending dramatic tones with sculptural elegance. The varied heights within the set add dimension and movement, making the arrangement visually dynamic whether displayed together or styled separately.
Crafted from durable resin with a brushed finish, these tabletop figurines are lightweight yet sturdy. Their compact size allows them to sit beautifully on shelves, coffee tables, desks, or console surfaces without overwhelming the space.

Ideal for living rooms, bedrooms, offices, or decorative shelving, this coordinated three-piece set enhances Art Deco, modern, and abstract-inspired interiors with structured sophistication.

Specifications:
This set includes three thinker woman figurines made from resin.
The finish is brushed in a black and gold tone.
The style follows an Art Deco and abstract art theme.
Each piece measures approximately 2.3 inches in width and depth, with heights of 5.98 inches, 6.37 inches, and 6.57 inches.
The unified profile width is approximately 2.1 inches.
The total item weight is approximately 16 ounces.
Mounting type is tabletop.
Number of pieces included: 3.

Care & Maintenance:
Wipe clean with a soft, dry cloth. Avoid moisture and abrasive cleaners to preserve the brushed finish.

Shipping & Processing:
Processing time is 2–3 business days.
Estimated delivery time is 3–4 business days, depending on location.

Color Note:
Colors may slightly vary due to lighting conditions and individual screen settings.

Handmade Disclaimer:
Each figurine is carefully crafted, and minor variations in finish or texture may occur, adding character to every set.

Returns & Support:
This item is covered by a 30-day return policy.
Our customer support team is available 24/7 to assist with any questions or concerns.

Materials:
Resin",99.99,USD,3,"female_face_art,modern_shelf_decor,coffee_table_statue,resin_desk_decor,art_deco_figurines,woman_sculpture,black_gold_decor,thinker_statue_set,tabletop_art_statue,gold_black_sculpture,abstract_home_accent,office_desktop_decor,living_room_figurine",Resin,https://i.etsystatic.com/64439944/r/il/8b3260/7715918246/il_fullxfull.7715918246_cmr4.jpg,https://i.etsystatic.com/64439944/r/il/bc349b/7763856909/il_fullxfull.7763856909_jned.jpg,https://i.etsystatic.com/64439944/r/il/45426b/7715918244/il_fullxfull.7715918244_hysc.jpg,https://i.etsystatic.com/64439944/r/il/770cef/7715918250/il_fullxfull.7715918250_64ur.jpg,https://i.etsystatic.com/64439944/r/il/8ca64f/7715918248/il_fullxfull.7715918248_fesu.jpg,https://i.etsystatic.com/64439944/r/il/0ee94c/7715918666/il_fullxfull.7715918666_symt.jpg,,,,,,,,,,,TV-PD06
"Abstract Kissing Lovers Sandstone Sculpture, Modern Home Decor","Product Description

Designed by the seller and carefully handcrafted by our skilled team, this abstract kissing lovers statue captures the quiet beauty of love, unity, and emotional connection through a modern artistic form.

The sculpture features two abstract figures sharing a gentle kiss, symbolizing intimacy and harmony. Crafted from a durable blend of resin and sandstone, the piece offers a solid yet refined feel, enhanced by a smooth polished finish in a warm sandstone tone. Its minimalist design allows the emotional expression to stand out while maintaining a clean and contemporary look.

With its compact proportions, this sculpture fits effortlessly on shelves, desks, side tables, or bookshelves, making it an elegant accent without overwhelming the surrounding space. It complements modern, contemporary, and artistic interiors with subtle sophistication.

Whether displayed as part of your home décor or chosen as a meaningful gift, this lovers sculpture serves as a timeless expression of romance and togetherness.

Specifications

This sculpture is crafted from a combination of resin and sandstone with a polished finish.
It features a modern abstract style with a love and romance theme.
The color is a natural sandstone tone.
The height measures approximately 8.27 inches, with a width of 2.76 inches and a depth of about 1 inch.
The weight is approximately 280 grams or 9.9 ounces.
It is a single-piece tabletop figurine designed for indoor decorative use only.

Care & Maintenance

To maintain the finish and appearance, gently wipe the sculpture with a clean, dry cloth. Avoid moisture, harsh chemicals, or abrasive materials.

Shipping & Processing

Processing time is 2–3 business days.
Estimated delivery time is 3–4 business days, depending on location.

Color Note

Colors may slightly vary due to lighting conditions and individual screen settings.

Handmade Disclaimer

Each sculpture is handcrafted, and minor variations in texture or finish may occur, making every piece unique.

Returns & Support

This item is covered by a 30-day return policy.
Our customer support team is available 24/7 to assist you with any questions or concerns.

Materials

Resin
Sandstone",69.99,USD,3,"tabletop_romance_art,couple_shelf_decor,resin_statue,modern_love_figurine,romantic_home_decor,kissing_couple_decor,lovers_statue,home_office_figurine,valentine_decor,anniversary_gift,love_themed_statue,decor_sculpture","sandstone,resin",https://i.etsystatic.com/64439944/r/il/6de299/7706869308/il_fullxfull.7706869308_m677.jpg,https://i.etsystatic.com/64439944/r/il/42da70/7706869318/il_fullxfull.7706869318_bwnx.jpg,https://i.etsystatic.com/64439944/r/il/552c64/7754810457/il_fullxfull.7754810457_3jtk.jpg,https://i.etsystatic.com/64439944/r/il/3fd580/7706869320/il_fullxfull.7706869320_aakx.jpg,https://i.etsystatic.com/64439944/r/il/d1c440/7754810469/il_fullxfull.7754810469_2zrw.jpg,https://i.etsystatic.com/64439944/r/il/c408d1/7754810475/il_fullxfull.7754810475_5uh2.jpg,,,,,,,,,,,TV-PD02
"Abstract Hugging Couple Sculpture: Modern White Resin Statue, Anniversary Gift","Product Description

Designed by the seller and carefully handcrafted by our skilled team, this modern hugging couple sculpture expresses love, connection, and emotional closeness through a refined abstract form.

This elegant figurine features a minimalist upper-body embrace that symbolizes trust, warmth, and togetherness. Crafted from high-quality resin and finished in a smooth polished white tone, the sculpture brings a calm and romantic presence to any interior setting without overpowering the space.

Its clean, contemporary design allows it to blend seamlessly into modern, romantic, or minimalist décor styles. Whether displayed on a shelf, tabletop, desk, or bookcase, this sculpture serves as a quiet artistic statement that reflects meaningful human connection.

Thoughtfully sized for indoor display, it is well suited for living rooms, bedrooms, offices, or personal spaces where subtle elegance and emotional depth are appreciated.

Specifications

This decorative sculpture is made from durable resin with a polished white finish.
The design follows a modern abstract style with a romantic couple theme.
Dimensions measure approximately 3.7 inches deep, 2.7 inches wide, and 7.8 inches high.
The total weight is about 1.5 pounds.
The piece is freestanding and intended for indoor decorative use only.
The set includes two coordinating hugging couple statue pieces.

Care & Maintenance

To maintain the sculpture’s appearance, gently dust with a soft cloth or wipe clean as needed. Avoid abrasive cleaners or excessive moisture to preserve the polished surface.

 Shipping & Processing

Processing time is 2–3 business days.
Estimated delivery time is 3–4 business days, depending on location.

 Color Note

Please note that slight color variations may occur due to lighting conditions and individual screen settings.

 Handmade Disclaimer

Each sculpture is carefully handcrafted, and minor variations in finish may occur, adding to the uniqueness of every piece.

 Returns & Support

This item is covered by a 30-day return policy.
Our customer support team is available 24/7 to assist with any questions or concerns.

 Materials

Resin",79.99,USD,3,"couple_shelf_decor,anniversary_gift,modern_couple_decor,romantic_home_accent,white_resin_decor,couple_statue,hugging_couple_decor,couple_home_figurine,romantic_interior,bedroom_decor_statue,romantic_desk_decor,wedding_gift,couple_sculpture",resin,https://i.etsystatic.com/64439944/r/il/c131bd/7706771202/il_fullxfull.7706771202_agdt.jpg,https://i.etsystatic.com/64439944/r/il/4a227b/7754711725/il_fullxfull.7754711725_3gsj.jpg,https://i.etsystatic.com/64439944/r/il/f35b5d/7706771214/il_fullxfull.7706771214_1m55.jpg,https://i.etsystatic.com/64439944/r/il/be03d1/7706771210/il_fullxfull.7706771210_arqk.jpg,https://i.etsystatic.com/64439944/r/il/47ab99/7754711727/il_fullxfull.7754711727_b66z.jpg,https://i.etsystatic.com/64439944/r/il/10d141/7754711719/il_fullxfull.7754711719_ce08.jpg,,,,,,,,,,,TV-PD03
